TP	FP	FN	Precision	Recall	F1	sample	tool	dataset	BC
12	4	3	0.75	0.8	0.7741935483870969	6	MetaPhlAn v3.0 stat_q 0.2	Urogenital tract	0.04206922265500526
12	8	3	0.6	0.8	0.6857142857142857	6	MetaPhlAn v3.0 stat_q 0.1	Urogenital tract	0.048041728381222226
9	1	6	0.9	0.6	0.7200000000000001	6	MetaPhlAn2 v2.7	Urogenital tract	0.4200207928369445
14	4	1	0.7777777777777778	0.9333333333333333	0.8484848484848485	6	mOTUs251_precision	Urogenital tract	0.15117457674680915
14	6	1	0.7	0.9333333333333333	0.8	6	mOTUs251_recall	Urogenital tract	0.1512319188423825
15	33	0	0.3125	1	0.47619047619047616	6	Bracken_208_25_refseq	Urogenital tract	0.13913460495041535
24	0	1	1	0.96	0.9795918367346939	5	MetaPhlAn v3.0 stat_q 0.2	Urogenital tract	0.12302261938091909
24	3	1	0.8888888888888888	0.96	0.923076923076923	5	MetaPhlAn v3.0 stat_q 0.1	Urogenital tract	0.12327454992586237
17	3	8	0.85	0.68	0.7555555555555556	5	MetaPhlAn2 v2.7	Urogenital tract	0.12736447021211175
19	8	6	0.7037037037037037	0.76	0.7307692307692308	5	mOTUs251_precision	Urogenital tract	0.2667470479947574
25	25	0	0.5	1	0.6666666666666666	5	mOTUs251_recall	Urogenital tract	0.16424224005076796
25	193	0	0.11467889908256881	1	0.205761316872428	5	Bracken_208_25_refseq	Urogenital tract	0.17616265954823573
43	2	5	0.9555555555555556	0.8958333333333334	0.924731182795699	3	MetaPhlAn v3.0 stat_q 0.2	Urogenital tract	0.042898854435875954
44	5	4	0.8979591836734694	0.9166666666666666	0.9072164948453607	3	MetaPhlAn v3.0 stat_q 0.1	Urogenital tract	0.04396559288817689
31	5	17	0.8611111111111112	0.6458333333333334	0.738095238095238	3	MetaPhlAn2 v2.7	Urogenital tract	0.6231301880069795
37	8	11	0.8222222222222222	0.7708333333333334	0.7956989247311829	3	mOTUs251_precision	Urogenital tract	0.18408166292843883
46	14	2	0.7666666666666667	0.9583333333333334	0.8518518518518519	3	mOTUs251_recall	Urogenital tract	0.10250070415594865
48	80	0	0.375	1	0.5454545454545454	3	Bracken_208_25_refseq	Urogenital tract	0.09560825865227505
39	1	4	0.975	0.9069767441860465	0.9397590361445783	25	MetaPhlAn v3.0 stat_q 0.2	Urogenital tract	0.20964601408202652
39	4	4	0.9069767441860465	0.9069767441860465	0.9069767441860465	25	MetaPhlAn v3.0 stat_q 0.1	Urogenital tract	0.20783711066792868
27	10	16	0.7297297297297297	0.627906976744186	0.675	25	MetaPhlAn2 v2.7	Urogenital tract	0.14980273908402847
30	5	13	0.8571428571428571	0.6976744186046512	0.7692307692307693	25	mOTUs251_precision	Urogenital tract	0.5334614661364476
43	39	0	0.524390243902439	1	0.6880000000000001	25	mOTUs251_recall	Urogenital tract	0.3031536368668974
43	202	0	0.17551020408163265	1	0.2986111111111111	25	Bracken_208_25_refseq	Urogenital tract	0.2211979745807179
25	1	2	0.9615384615384616	0.9259259259259259	0.9433962264150944	24	MetaPhlAn v3.0 stat_q 0.2	Urogenital tract	0.028896343344515026
25	1	2	0.9615384615384616	0.9259259259259259	0.9433962264150944	24	MetaPhlAn v3.0 stat_q 0.1	Urogenital tract	0.03262114566960396
16	3	11	0.8421052631578947	0.5925925925925926	0.6956521739130435	24	MetaPhlAn2 v2.7	Urogenital tract	0.1514731854882446
20	3	7	0.8695652173913043	0.7407407407407407	0.7999999999999999	24	mOTUs251_precision	Urogenital tract	0.197170653885387
27	6	0	0.8181818181818182	1	0.9	24	mOTUs251_recall	Urogenital tract	0.13695411183745718
27	68	0	0.28421052631578947	1	0.4426229508196721	24	Bracken_208_25_refseq	Urogenital tract	0.09586629639020454
19	1	2	0.95	0.9047619047619048	0.9268292682926829	22	MetaPhlAn v3.0 stat_q 0.2	Urogenital tract	0.11357282802759129
19	2	2	0.9047619047619048	0.9047619047619048	0.9047619047619048	22	MetaPhlAn v3.0 stat_q 0.1	Urogenital tract	0.11094768221205925
17	4	4	0.8095238095238095	0.8095238095238095	0.8095238095238095	22	MetaPhlAn2 v2.7	Urogenital tract	0.08130268617623936
14	0	7	1	0.6666666666666666	0.8	22	mOTUs251_precision	Urogenital tract	0.1587639942508684
21	15	0	0.5833333333333334	1	0.7368421052631579	22	mOTUs251_recall	Urogenital tract	0.12409110797774611
21	124	0	0.14482758620689656	1	0.25301204819277107	22	Bracken_208_25_refseq	Urogenital tract	0.14715472651672146
30	1	4	0.967741935483871	0.8823529411764706	0.923076923076923	21	MetaPhlAn v3.0 stat_q 0.2	Urogenital tract	0.3529680643275763
30	3	4	0.9090909090909091	0.8823529411764706	0.8955223880597014	21	MetaPhlAn v3.0 stat_q 0.1	Urogenital tract	0.3451565342075403
21	7	13	0.75	0.6176470588235294	0.6774193548387097	21	MetaPhlAn2 v2.7	Urogenital tract	0.30339910379140583
23	10	11	0.696969696969697	0.6764705882352942	0.6865671641791046	21	mOTUs251_precision	Urogenital tract	0.5669244330755668
33	66	1	0.3333333333333333	0.9705882352941176	0.4962406015037593	21	mOTUs251_recall	Urogenital tract	0.36954861388146937
34	222	0	0.1328125	1	0.23448275862068965	21	Bracken_208_25_refseq	Urogenital tract	0.09527802431680896
23	2	4	0.92	0.8518518518518519	0.8846153846153846	2	MetaPhlAn v3.0 stat_q 0.2	Urogenital tract	0.14123117289194442
24	5	3	0.8275862068965517	0.8888888888888888	0.8571428571428572	2	MetaPhlAn v3.0 stat_q 0.1	Urogenital tract	0.1318942681057319
15	5	12	0.75	0.5555555555555556	0.6382978723404256	2	MetaPhlAn2 v2.7	Urogenital tract	0.18055452793221932
22	1	5	0.9565217391304348	0.8148148148148148	0.8800000000000001	2	mOTUs251_precision	Urogenital tract	0.13877741776381355
26	4	1	0.8666666666666667	0.9629629629629629	0.912280701754386	2	mOTUs251_recall	Urogenital tract	0.09226302368522027
26	94	1	0.21666666666666667	0.9629629629629629	0.35374149659863946	2	Bracken_208_25_refseq	Urogenital tract	0.11230657966732052
27	2	7	0.9310344827586207	0.7941176470588235	0.8571428571428571	0	MetaPhlAn v3.0 stat_q 0.2	Urogenital tract	0.22457575828034795
27	7	7	0.7941176470588235	0.7941176470588235	0.7941176470588235	0	MetaPhlAn v3.0 stat_q 0.1	Urogenital tract	0.22010281831353393
18	8	16	0.6923076923076923	0.5294117647058824	0.5999999999999999	0	MetaPhlAn2 v2.7	Urogenital tract	0.17221551498853635
23	9	11	0.71875	0.6764705882352942	0.696969696969697	0	mOTUs251_precision	Urogenital tract	0.2740063629968187
30	58	4	0.3409090909090909	0.8823529411764706	0.4918032786885246	0	mOTUs251_recall	Urogenital tract	0.191577298050018
32	198	2	0.1391304347826087	0.9411764705882353	0.24242424242424238	0	Bracken_208_25_refseq	Urogenital tract	0.09129640626743196
11	2	2	0.8461538461538461	0.8461538461538461	0.8461538461538461	28	MetaPhlAn v3.0 stat_q 0.2	Skin	0.12312821231282121
11	5	2	0.6875	0.8461538461538461	0.7586206896551724	28	MetaPhlAn v3.0 stat_q 0.1	Skin	0.12391654380417279
8	2	5	0.8	0.6153846153846154	0.6956521739130435	28	MetaPhlAn2 v2.7	Skin	0.20869588206843676
8	4	5	0.6666666666666666	0.6153846153846154	0.64	28	mOTUs251_precision	Skin	0.20086901708227078
12	18	1	0.4	0.9230769230769231	0.5581395348837209	28	mOTUs251_recall	Skin	0.14554607637712091
13	141	0	0.08441558441558442	1	0.155688622754491	28	Bracken_208_25_refseq	Skin	0.07926884173244896
69	10	13	0.8734177215189873	0.8414634146341463	0.857142857142857	20	MetaPhlAn v3.0 stat_q 0.2	Skin	0.07846272548498247
70	21	12	0.7692307692307693	0.8536585365853658	0.8092485549132947	20	MetaPhlAn v3.0 stat_q 0.1	Skin	0.0782412742190634
50	16	32	0.7575757575757576	0.6097560975609756	0.6756756756756757	20	MetaPhlAn2 v2.7	Skin	0.10445660108552444
58	7	24	0.8923076923076924	0.7073170731707317	0.7891156462585034	20	mOTUs251_precision	Skin	0.21718462517671305
77	63	5	0.55	0.9390243902439024	0.6936936936936937	20	mOTUs251_recall	Skin	0.14577333828678718
81	201	1	0.2872340425531915	0.9878048780487805	0.4450549450549452	20	Bracken_208_25_refseq	Skin	0.07730331457160727
89	11	16	0.89	0.8476190476190476	0.8682926829268293	19	MetaPhlAn v3.0 stat_q 0.2	Skin	0.1592246057363368
90	20	15	0.8181818181818182	0.8571428571428571	0.8372093023255814	19	MetaPhlAn v3.0 stat_q 0.1	Skin	0.1606490116484562
63	15	42	0.8076923076923077	0.6	0.6885245901639345	19	MetaPhlAn2 v2.7	Skin	0.2032031422475663
72	9	33	0.8888888888888888	0.6857142857142857	0.7741935483870968	19	mOTUs251_precision	Skin	0.2510376264248657
100	74	5	0.5747126436781609	0.9523809523809523	0.7168458781362007	19	mOTUs251_recall	Skin	0.1629728131909939
105	178	0	0.3710247349823322	1	0.5412371134020619	19	Bracken_208_25_refseq	Skin	0.15761052277693727
23	5	5	0.8214285714285714	0.8214285714285714	0.8214285714285714	18	MetaPhlAn v3.0 stat_q 0.2	Skin	0.07990743159235425
23	6	5	0.7931034482758621	0.8214285714285714	0.8070175438596492	18	MetaPhlAn v3.0 stat_q 0.1	Skin	0.0806786367068446
18	4	10	0.8181818181818182	0.6428571428571429	0.7200000000000001	18	MetaPhlAn2 v2.7	Skin	0.14555805679530295
19	4	9	0.8260869565217391	0.6785714285714286	0.7450980392156864	18	mOTUs251_precision	Skin	0.049685707750713036
26	17	2	0.6046511627906976	0.9285714285714286	0.7323943661971831	18	mOTUs251_recall	Skin	0.04588172728914222
28	110	0	0.2028985507246377	1	0.3373493975903615	18	Bracken_208_25_refseq	Skin	0.05202317921874189
45	4	3	0.9183673469387755	0.9375	0.9278350515463918	17	MetaPhlAn v3.0 stat_q 0.2	Skin	0.03776280547440821
45	9	3	0.8333333333333334	0.9375	0.8823529411764706	17	MetaPhlAn v3.0 stat_q 0.1	Skin	0.04201548315753183
34	7	14	0.8292682926829268	0.7083333333333334	0.7640449438202247	17	MetaPhlAn2 v2.7	Skin	0.06694867002409487
33	1	15	0.9705882352941176	0.6875	0.8048780487804877	17	mOTUs251_precision	Skin	0.13245181949956586
47	21	1	0.6911764705882353	0.9791666666666666	0.8103448275862069	17	mOTUs251_recall	Skin	0.09339445944535357
48	127	0	0.2742857142857143	1	0.4304932735426009	17	Bracken_208_25_refseq	Skin	0.06294305176280263
10	2	1	0.8333333333333334	0.9090909090909091	0.8695652173913043	16	MetaPhlAn v3.0 stat_q 0.2	Skin	0.031092312853588502
10	2	1	0.8333333333333334	0.9090909090909091	0.8695652173913043	16	MetaPhlAn v3.0 stat_q 0.1	Skin	0.03275276702350699
10	1	1	0.9090909090909091	0.9090909090909091	0.9090909090909091	16	MetaPhlAn2 v2.7	Skin	0.037210482793922826
7	1	4	0.875	0.6363636363636364	0.7368421052631579	16	mOTUs251_precision	Skin	0.06703725444335222
11	8	0	0.5789473684210527	1	0.7333333333333334	16	mOTUs251_recall	Skin	0.0417847762756103
11	94	0	0.10476190476190476	1	0.1896551724137931	16	Bracken_208_25_refseq	Skin	0.03666001430507827
25	3	2	0.8928571428571429	0.9259259259259259	0.9090909090909091	15	MetaPhlAn v3.0 stat_q 0.2	Skin	0.018319899606041107
25	5	2	0.8333333333333334	0.9259259259259259	0.8771929824561403	15	MetaPhlAn v3.0 stat_q 0.1	Skin	0.020033247558853766
22	5	5	0.8148148148148148	0.8148148148148148	0.8148148148148148	15	MetaPhlAn2 v2.7	Skin	0.03997425918788522
18	2	9	0.9	0.6666666666666666	0.7659574468085106	15	mOTUs251_precision	Skin	0.10015427651000021
27	15	0	0.6428571428571429	1	0.782608695652174	15	mOTUs251_recall	Skin	0.06365855576721681
27	130	0	0.17197452229299362	1	0.2934782608695652	15	Bracken_208_25_refseq	Skin	0.02286389405478734
29	3	1	0.90625	0.9666666666666667	0.9354838709677419	14	MetaPhlAn v3.0 stat_q 0.2	Skin	0.03348887582756265
29	4	1	0.8787878787878788	0.9666666666666667	0.9206349206349207	14	MetaPhlAn v3.0 stat_q 0.1	Skin	0.03586376135250377
22	2	8	0.9166666666666666	0.7333333333333333	0.8148148148148148	14	MetaPhlAn2 v2.7	Skin	0.05790028502333752
23	4	7	0.8518518518518519	0.7666666666666667	0.8070175438596491	14	mOTUs251_precision	Skin	0.13385182930981337
29	23	1	0.5576923076923077	0.9666666666666667	0.7073170731707317	14	mOTUs251_recall	Skin	0.09773889072012228
30	121	0	0.1986754966887417	1	0.3314917127071823	14	Bracken_208_25_refseq	Skin	0.06388870270870495
37	2	5	0.9487179487179487	0.8809523809523809	0.9135802469135802	13	MetaPhlAn v3.0 stat_q 0.2	Skin	0.098895282060901
40	4	2	0.9090909090909091	0.9523809523809523	0.9302325581395349	13	MetaPhlAn v3.0 stat_q 0.1	Skin	0.09599902468856986
28	4	14	0.875	0.6666666666666666	0.7567567567567567	13	MetaPhlAn2 v2.7	Skin	0.031086471097888313
30	9	12	0.7692307692307693	0.7142857142857143	0.7407407407407408	13	mOTUs251_precision	Skin	0.048377495254842307
39	20	3	0.6610169491525424	0.9285714285714286	0.7722772277227723	13	mOTUs251_recall	Skin	0.03824528648027338
42	95	0	0.30656934306569344	1	0.4692737430167598	13	Bracken_208_25_refseq	Skin	0.07561359044885174
45	6	6	0.8823529411764706	0.8823529411764706	0.8823529411764706	1	MetaPhlAn v3.0 stat_q 0.2	Skin	0.06120085678938452
45	11	6	0.8035714285714286	0.8823529411764706	0.8411214953271029	1	MetaPhlAn v3.0 stat_q 0.1	Skin	0.0616857159224215
34	17	17	0.6666666666666666	0.6666666666666666	0.6666666666666666	1	MetaPhlAn2 v2.7	Skin	0.11558121994853592
36	2	15	0.9473684210526315	0.7058823529411765	0.8089887640449439	1	mOTUs251_precision	Skin	0.09283237217150747
51	45	0	0.53125	1	0.6938775510204082	1	mOTUs251_recall	Skin	0.0700068251386983
51	154	0	0.24878048780487805	1	0.3984375	1	Bracken_208_25_refseq	Skin	0.06978105315393911
55	7	40	0.8870967741935484	0.5789473684210527	0.7006369426751592	9	MetaPhlAn v3.0 stat_q 0.2	Mouse gut	0.216032483967516
58	15	37	0.7945205479452054	0.6105263157894737	0.6904761904761905	9	MetaPhlAn v3.0 stat_q 0.1	Mouse gut	0.22516747483252514
50	18	45	0.7352941176470589	0.5263157894736842	0.6134969325153375	9	MetaPhlAn2 v2.7	Mouse gut	0.6198849244038657
55	11	40	0.8333333333333334	0.5789473684210527	0.6832298136645962	9	mOTUs251_precision	Mouse gut	0.6886599911240745
70	25	25	0.7368421052631579	0.7368421052631579	0.7368421052631579	9	mOTUs251_recall	Mouse gut	0.5786130291272635
36	653	59	0.05224963715529753	0.37894736842105264	0.09183673469387756	9	Bracken_208_25_refseq	Mouse gut	0.31583706872724215
52	6	40	0.896551724137931	0.5652173913043478	0.6933333333333332	8	MetaPhlAn v3.0 stat_q 0.2	Mouse gut	0.21190040224642798
55	13	37	0.8088235294117647	0.5978260869565217	0.6875	8	MetaPhlAn v3.0 stat_q 0.1	Mouse gut	0.22040898837011103
44	11	48	0.8	0.4782608695652174	0.5986394557823128	8	MetaPhlAn2 v2.7	Mouse gut	0.7395759651149681
50	8	42	0.8620689655172413	0.5434782608695652	0.6666666666666666	8	mOTUs251_precision	Mouse gut	0.3132918376042343
66	23	26	0.7415730337078652	0.717391304347826	0.729281767955801	8	mOTUs251_recall	Mouse gut	0.296358054489297
30	761	62	0.03792667509481669	0.32608695652173914	0.0679501698754247	8	Bracken_208_25_refseq	Mouse gut	0.3908434005247309
50	7	18	0.8771929824561403	0.7352941176470589	0.8	7	MetaPhlAn v3.0 stat_q 0.2	Mouse gut	0.08923645878573049
50	8	18	0.8620689655172413	0.7352941176470589	0.7936507936507937	7	MetaPhlAn v3.0 stat_q 0.1	Mouse gut	0.08841661082900194
36	9	32	0.8	0.5294117647058824	0.6371681415929203	7	MetaPhlAn2 v2.7	Mouse gut	0.45069936469431127
44	10	24	0.8148148148148148	0.6470588235294118	0.7213114754098361	7	mOTUs251_precision	Mouse gut	0.49727109679899695
58	25	10	0.6987951807228916	0.8529411764705882	0.7682119205298014	7	mOTUs251_recall	Mouse gut	0.3319078444918997
32	673	36	0.04539007092198582	0.47058823529411764	0.08279430789133248	7	Bracken_208_25_refseq	Mouse gut	0.37215138157618044
40	11	19	0.7843137254901961	0.6779661016949152	0.7272727272727273	63	MetaPhlAn v3.0 stat_q 0.2	Mouse gut	0.25262777999278196
40	13	19	0.7547169811320755	0.6779661016949152	0.7142857142857143	63	MetaPhlAn v3.0 stat_q 0.1	Mouse gut	0.25225707928845065
29	12	30	0.7073170731707317	0.4915254237288136	0.58	63	MetaPhlAn2 v2.7	Mouse gut	0.6239929549973218
45	9	14	0.8333333333333334	0.7627118644067796	0.7964601769911505	63	mOTUs251_precision	Mouse gut	0.5191893565025398
53	24	6	0.6883116883116883	0.8983050847457628	0.7794117647058822	63	mOTUs251_recall	Mouse gut	0.3735862410520211
22	1243	37	0.017391304347826087	0.3728813559322034	0.03323262839879154	63	Bracken_208_25_refseq	Mouse gut	0.6683107040352189
55	13	28	0.8088235294117647	0.6626506024096386	0.7284768211920529	62	MetaPhlAn v3.0 stat_q 0.2	Mouse gut	0.2398456203087594
57	18	26	0.76	0.6867469879518072	0.7215189873417722	62	MetaPhlAn v3.0 stat_q 0.1	Mouse gut	0.23943105916632873
40	17	43	0.7017543859649122	0.4819277108433735	0.5714285714285715	62	MetaPhlAn2 v2.7	Mouse gut	0.6180812741527174
60	11	23	0.8450704225352113	0.7228915662650602	0.7792207792207793	62	mOTUs251_precision	Mouse gut	0.4613141595338048
75	35	8	0.6818181818181818	0.9036144578313253	0.77720207253886	62	mOTUs251_recall	Mouse gut	0.3268442103674514
37	1043	46	0.03425925925925926	0.4457831325301205	0.06362854686156492	62	Bracken_208_25_refseq	Mouse gut	0.6566453192201138
142	19	89	0.8819875776397516	0.6147186147186147	0.7244897959183673	61	MetaPhlAn v3.0 stat_q 0.2	Mouse gut	0.2263947131973566
146	29	85	0.8342857142857143	0.6320346320346321	0.7192118226600986	61	MetaPhlAn v3.0 stat_q 0.1	Mouse gut	0.2232503504626577
99	30	132	0.7674418604651163	0.42857142857142855	0.5499999999999999	61	MetaPhlAn2 v2.7	Mouse gut	0.4162573036637016
160	14	71	0.9195402298850575	0.6926406926406926	0.7901234567901234	61	mOTUs251_precision	Mouse gut	0.22790374123169002
197	56	34	0.7786561264822134	0.8528138528138528	0.8140495867768595	61	mOTUs251_recall	Mouse gut	0.17361497556454616
63	904	168	0.06514994829369183	0.2727272727272727	0.10517529215358934	61	Bracken_208_25_refseq	Mouse gut	0.6828737987397254
138	17	87	0.8903225806451613	0.6133333333333333	0.7263157894736842	60	MetaPhlAn v3.0 stat_q 0.2	Mouse gut	0.1509393754483776
143	23	82	0.8614457831325302	0.6355555555555555	0.731457800511509	60	MetaPhlAn v3.0 stat_q 0.1	Mouse gut	0.14985830160021515
102	27	123	0.7906976744186046	0.4533333333333333	0.576271186440678	60	MetaPhlAn2 v2.7	Mouse gut	0.3030704473252524
153	15	72	0.9107142857142857	0.68	0.7786259541984734	60	mOTUs251_precision	Mouse gut	0.22598234232412154
190	58	35	0.7661290322580645	0.8444444444444444	0.80338266384778	60	mOTUs251_recall	Mouse gut	0.1746702514979659
64	629	161	0.09235209235209235	0.28444444444444444	0.1394335511982571	60	Bracken_208_25_refseq	Mouse gut	0.6037261244439013
124	13	89	0.9051094890510949	0.5821596244131455	0.7085714285714285	6	MetaPhlAn v3.0 stat_q 0.2	Mouse gut	0.381026144791824
126	23	87	0.8456375838926175	0.5915492957746479	0.6961325966850829	6	MetaPhlAn v3.0 stat_q 0.1	Mouse gut	0.3746124962881493
92	22	121	0.8070175438596491	0.431924882629108	0.562691131498471	6	MetaPhlAn2 v2.7	Mouse gut	0.19106808602246553
141	8	72	0.9463087248322147	0.6619718309859155	0.7790055248618784	6	mOTUs251_precision	Mouse gut	0.39063145392291043
175	44	38	0.7990867579908676	0.8215962441314554	0.8101851851851852	6	mOTUs251_recall	Mouse gut	0.3530058487719384
59	1902	154	0.030086690464048955	0.27699530516431925	0.05427782888684453	6	Bracken_208_25_refseq	Mouse gut	0.8794157147912898
132	20	83	0.868421052631579	0.6139534883720931	0.7193460490463215	59	MetaPhlAn v3.0 stat_q 0.2	Mouse gut	0.13782031939177034
137	24	78	0.8509316770186336	0.6372093023255814	0.7287234042553191	59	MetaPhlAn v3.0 stat_q 0.1	Mouse gut	0.13707930853673128
94	23	121	0.8034188034188035	0.4372093023255814	0.5662650602409639	59	MetaPhlAn2 v2.7	Mouse gut	0.3080777231597733
147	11	68	0.930379746835443	0.6837209302325581	0.7882037533512064	59	mOTUs251_precision	Mouse gut	0.25189505071768903
179	40	36	0.817351598173516	0.8325581395348837	0.824884792626728	59	mOTUs251_recall	Mouse gut	0.201141482790173
65	631	150	0.09339080459770115	0.3023255813953488	0.14270032930845225	59	Bracken_208_25_refseq	Mouse gut	0.6023896648198586
130	16	92	0.8904109589041096	0.5855855855855856	0.7065217391304348	58	MetaPhlAn v3.0 stat_q 0.2	Mouse gut	0.16686199206708371
136	25	86	0.84472049689441	0.6126126126126126	0.710182767624021	58	MetaPhlAn v3.0 stat_q 0.1	Mouse gut	0.16547970578136742
99	25	123	0.7983870967741935	0.44594594594594594	0.5722543352601156	58	MetaPhlAn2 v2.7	Mouse gut	0.3095624086489268
152	15	70	0.9101796407185628	0.6846846846846847	0.781491002570694	58	mOTUs251_precision	Mouse gut	0.2497840242808045
181	51	41	0.7801724137931034	0.8153153153153153	0.7973568281938326	58	mOTUs251_recall	Mouse gut	0.18711205188665617
65	812	157	0.07411630558722919	0.2927927927927928	0.11828935395814376	58	Bracken_208_25_refseq	Mouse gut	0.621770014515213
104	15	64	0.8739495798319328	0.6190476190476191	0.7247386759581882	57	MetaPhlAn v3.0 stat_q 0.2	Mouse gut	0.15391747299490602
107	20	61	0.84251968503937	0.6369047619047619	0.7254237288135593	57	MetaPhlAn v3.0 stat_q 0.1	Mouse gut	0.1515014515240565
81	22	87	0.7864077669902912	0.48214285714285715	0.5977859778597786	57	MetaPhlAn2 v2.7	Mouse gut	0.3014316518671082
110	16	58	0.873015873015873	0.6547619047619048	0.7482993197278912	57	mOTUs251_precision	Mouse gut	0.25782540460677567
133	48	35	0.7348066298342542	0.7916666666666666	0.7621776504297993	57	mOTUs251_recall	Mouse gut	0.19097813224649307
55	638	113	0.07936507936507936	0.3273809523809524	0.12775842044134728	57	Bracken_208_25_refseq	Mouse gut	0.6142281387029136
92	11	72	0.8932038834951457	0.5609756097560976	0.6891385767790262	56	MetaPhlAn v3.0 stat_q 0.2	Mouse gut	0.6634754779807982
99	15	65	0.868421052631579	0.6036585365853658	0.712230215827338	56	MetaPhlAn v3.0 stat_q 0.1	Mouse gut	0.6420258583835945
64	16	100	0.8	0.3902439024390244	0.5245901639344263	56	MetaPhlAn2 v2.7	Mouse gut	0.09994659481241422
97	12	67	0.8899082568807339	0.5914634146341463	0.7106227106227105	56	mOTUs251_precision	Mouse gut	0.6456200144293671
128	45	36	0.7398843930635838	0.7804878048780488	0.7596439169139467	56	mOTUs251_recall	Mouse gut	0.6052546827175973
44	1824	120	0.023554603854389723	0.2682926829268293	0.04330708661417323	56	Bracken_208_25_refseq	Mouse gut	0.9446376965373785
106	8	77	0.9298245614035088	0.5792349726775956	0.7138047138047138	55	MetaPhlAn v3.0 stat_q 0.2	Mouse gut	0.6678301473821684
114	12	69	0.9047619047619048	0.6229508196721312	0.7378640776699029	55	MetaPhlAn v3.0 stat_q 0.1	Mouse gut	0.6453624979343796
69	17	114	0.8023255813953488	0.3770491803278688	0.5130111524163569	55	MetaPhlAn2 v2.7	Mouse gut	0.10595854638848484
117	10	66	0.9212598425196851	0.639344262295082	0.7548387096774194	55	mOTUs251_precision	Mouse gut	0.6534633635145211
150	40	33	0.7894736842105263	0.819672131147541	0.8042895442359249	55	mOTUs251_recall	Mouse gut	0.620299462555097
48	1689	135	0.027633851468048358	0.26229508196721313	0.049999999999999996	55	Bracken_208_25_refseq	Mouse gut	0.945055858342003
107	13	58	0.8916666666666667	0.6484848484848484	0.7508771929824561	54	MetaPhlAn v3.0 stat_q 0.2	Mouse gut	0.3760149238918018
107	22	58	0.8294573643410853	0.6484848484848484	0.727891156462585	54	MetaPhlAn v3.0 stat_q 0.1	Mouse gut	0.37064916279356974
67	21	98	0.7613636363636364	0.40606060606060607	0.5296442687747035	54	MetaPhlAn2 v2.7	Mouse gut	0.21920617346407922
108	13	57	0.8925619834710744	0.6545454545454545	0.7552447552447552	54	mOTUs251_precision	Mouse gut	0.436853011330351
137	44	28	0.7569060773480663	0.8303030303030303	0.791907514450867	54	mOTUs251_recall	Mouse gut	0.33581847525590547
54	1284	111	0.04035874439461883	0.32727272727272727	0.0718562874251497	54	Bracken_208_25_refseq	Mouse gut	0.8323912733209305
95	11	59	0.8962264150943396	0.6168831168831169	0.7307692307692308	53	MetaPhlAn v3.0 stat_q 0.2	Mouse gut	0.4650938629274361
97	14	57	0.8738738738738738	0.6298701298701299	0.7320754716981132	53	MetaPhlAn v3.0 stat_q 0.1	Mouse gut	0.45576344705480065
61	23	93	0.7261904761904762	0.3961038961038961	0.5126050420168067	53	MetaPhlAn2 v2.7	Mouse gut	0.2263047550327891
101	13	53	0.8859649122807017	0.6558441558441559	0.7537313432835823	53	mOTUs251_precision	Mouse gut	0.45088726297765147
127	53	27	0.7055555555555556	0.8246753246753247	0.7604790419161677	53	mOTUs251_recall	Mouse gut	0.3348078734737212
47	1427	107	0.03188602442333786	0.3051948051948052	0.05773955773955773	53	Bracken_208_25_refseq	Mouse gut	0.8684932412334335
52	7	48	0.8813559322033898	0.52	0.6540880503144655	52	MetaPhlAn v3.0 stat_q 0.2	Mouse gut	0.2247535280175912
55	9	45	0.859375	0.55	0.6707317073170732	52	MetaPhlAn v3.0 stat_q 0.1	Mouse gut	0.22947800251789513
57	12	43	0.8260869565217391	0.57	0.6745562130177515	52	MetaPhlAn2 v2.7	Mouse gut	0.6042360628517937
51	13	49	0.796875	0.51	0.6219512195121951	52	mOTUs251_precision	Mouse gut	0.4902479025586587
72	33	28	0.6857142857142857	0.72	0.702439024390244	52	mOTUs251_recall	Mouse gut	0.41464506142317864
37	934	63	0.03810504634397528	0.37	0.06909430438842204	52	Bracken_208_25_refseq	Mouse gut	0.4903104210417737
107	16	85	0.8699186991869918	0.5572916666666666	0.6793650793650793	51	MetaPhlAn v3.0 stat_q 0.2	Mouse gut	0.27903443740715045
111	22	81	0.8345864661654135	0.578125	0.683076923076923	51	MetaPhlAn v3.0 stat_q 0.1	Mouse gut	0.2706977111625886
75	22	117	0.7731958762886598	0.390625	0.5190311418685122	51	MetaPhlAn2 v2.7	Mouse gut	0.31654101232466136
132	14	60	0.9041095890410958	0.6875	0.7810650887573964	51	mOTUs251_precision	Mouse gut	0.2046364173158179
158	47	34	0.7707317073170732	0.8229166666666666	0.795969773299748	51	mOTUs251_recall	Mouse gut	0.1786637514448831
51	1687	141	0.029344073647871116	0.265625	0.05284974093264249	51	Bracken_208_25_refseq	Mouse gut	0.6952778635682646
62	2	31	0.96875	0.6666666666666666	0.7898089171974522	50	MetaPhlAn v3.0 stat_q 0.2	Mouse gut	0.07343887631924777
64	9	29	0.8767123287671232	0.6881720430107527	0.7710843373493976	50	MetaPhlAn v3.0 stat_q 0.1	Mouse gut	0.07212119203043064
51	19	42	0.7285714285714285	0.5483870967741935	0.6257668711656441	50	MetaPhlAn2 v2.7	Mouse gut	0.27422778490371424
57	9	36	0.8636363636363636	0.6129032258064516	0.71698113207547165	50	mOTUs251_precision	Mouse gut	0.2590926722021568
73	31	20	0.7019230769230769	0.7849462365591398	0.7411167512690354	50	mOTUs251_recall	Mouse gut	0.18306903658721477
36	769	57	0.04472049689440994	0.3870967741935484	0.08017817371937641	50	Bracken_208_25_refseq	Mouse gut	0.7520479173352868
115	10	91	0.92	0.558252427184466	0.6948640483383686	5	MetaPhlAn v3.0 stat_q 0.2	Mouse gut	0.5156963982018858
119	19	87	0.8623188405797102	0.5776699029126213	0.6918604651162791	5	MetaPhlAn v3.0 stat_q 0.1	Mouse gut	0.5023366915879103
79	19	127	0.8061224489795918	0.38349514563106796	0.5197368421052632	5	MetaPhlAn2 v2.7	Mouse gut	0.17744461671249473
138	7	68	0.9517241379310345	0.6699029126213593	0.7863247863247863	5	mOTUs251_precision	Mouse gut	0.4793985217029181
170	38	36	0.8173076923076923	0.8252427184466019	0.821256038647343	5	mOTUs251_recall	Mouse gut	0.4306862313727269
53	2132	153	0.02425629290617849	0.25728155339805825	0.044332915098285235	5	Bracken_208_25_refseq	Mouse gut	0.8925556761636808
52	6	36	0.896551724137931	0.5909090909090909	0.7123287671232877	49	MetaPhlAn v3.0 stat_q 0.2	Mouse gut	0.6908651765875994
54	10	34	0.84375	0.6136363636363636	0.7105263157894737	49	MetaPhlAn v3.0 stat_q 0.1	Mouse gut	0.631318206540788
34	10	54	0.7727272727272727	0.38636363636363635	0.515151515151515	49	MetaPhlAn2 v2.7	Mouse gut	0.382755645819324
58	10	30	0.8529411764705882	0.6590909090909091	0.7435897435897436	49	mOTUs251_precision	Mouse gut	0.41698447397933064
76	27	12	0.7378640776699029	0.8636363636363636	0.7958115183246073	49	mOTUs251_recall	Mouse gut	0.3264515430187122
24	882	64	0.026490066225165563	0.2727272727272727	0.04828973843058349	49	Bracken_208_25_refseq	Mouse gut	0.6225235601045558
119	11	98	0.9153846153846154	0.5483870967741935	0.6858789625360231	48	MetaPhlAn v3.0 stat_q 0.2	Mouse gut	0.3260105329526017
121	19	96	0.8642857142857143	0.5576036866359447	0.6778711484593837	48	MetaPhlAn v3.0 stat_q 0.1	Mouse gut	0.31727584053113356
81	27	136	0.75	0.37327188940092165	0.4984615384615384	48	MetaPhlAn2 v2.7	Mouse gut	0.2761014210973
141	14	76	0.9096774193548387	0.6497695852534562	0.7580645161290321	48	mOTUs251_precision	Mouse gut	0.32693278581504587
174	55	43	0.759825327510917	0.8018433179723502	0.7802690582959642	48	mOTUs251_recall	Mouse gut	0.2758676387994089
47	1915	170	0.023955147808358817	0.21658986175115208	0.04313905461220744	48	Bracken_208_25_refseq	Mouse gut	0.8288356151013619
90	12	61	0.8823529411764706	0.5960264900662252	0.7114624505928855	47	MetaPhlAn v3.0 stat_q 0.2	Mouse gut	0.4372888783044534
92	22	59	0.8070175438596491	0.609271523178808	0.6943396226415094	47	MetaPhlAn v3.0 stat_q 0.1	Mouse gut	0.4299638700361299
65	19	86	0.7738095238095238	0.4304635761589404	0.553191489361702	47	MetaPhlAn2 v2.7	Mouse gut	0.401505682810927
103	14	48	0.8803418803418803	0.6821192052980133	0.7686567164179103	47	mOTUs251_precision	Mouse gut	0.2951446072175689
130	46	21	0.7386363636363636	0.8609271523178808	0.7951070336391437	47	mOTUs251_recall	Mouse gut	0.21722958183473903
43	1213	108	0.034235668789808917	0.2847682119205298	0.0611229566453447	47	Bracken_208_25_refseq	Mouse gut	0.7228353413010989
102	8	58	0.9272727272727272	0.6375	0.7555555555555555	46	MetaPhlAn v3.0 stat_q 0.2	Mouse gut	0.2652619487300103
104	12	56	0.896551724137931	0.65	0.7536231884057972	46	MetaPhlAn v3.0 stat_q 0.1	Mouse gut	0.26305850997473035
66	21	94	0.7586206896551724	0.4125	0.5344129554655871	46	MetaPhlAn2 v2.7	Mouse gut	0.28958625525006604
106	11	54	0.905982905982906	0.6625	0.7653429602888087	46	mOTUs251_precision	Mouse gut	0.23528237143288802
133	39	27	0.7732558139534884	0.83125	0.8012048192771085	46	mOTUs251_recall	Mouse gut	0.176202522679721
42	1350	118	0.03017241379310345	0.2625	0.05412371134020619	46	Bracken_208_25_refseq	Mouse gut	0.8717819429791466
104	9	86	0.9203539823008849	0.5473684210526316	0.6864686468646864	45	MetaPhlAn v3.0 stat_q 0.2	Mouse gut	0.6797329884887986
111	15	79	0.8809523809523809	0.5842105263157895	0.7025316455696203	45	MetaPhlAn v3.0 stat_q 0.1	Mouse gut	0.6568020212663775
63	24	127	0.7241379310344828	0.33157894736842103	0.45487364620938625	45	MetaPhlAn2 v2.7	Mouse gut	0.13762436005571446
118	10	72	0.921875	0.6210526315789474	0.7421383647798742	45	mOTUs251_precision	Mouse gut	0.6399096170629794
152	44	38	0.7755102040816326	0.8	0.7875647668393783	45	mOTUs251_recall	Mouse gut	0.5976965616472658
45	1606	145	0.027256208358570563	0.23684210526315788	0.048886474741988054	45	Bracken_208_25_refseq	Mouse gut	0.9304180723748181
117	16	81	0.8796992481203008	0.5909090909090909	0.7069486404833838	44	MetaPhlAn v3.0 stat_q 0.2	Mouse gut	0.2842869013619505
120	22	78	0.8450704225352113	0.6060606060606061	0.7058823529411764	44	MetaPhlAn v3.0 stat_q 0.1	Mouse gut	0.28121065296367714
87	26	111	0.7699115044247787	0.4393939393939394	0.5594855305466238	44	MetaPhlAn2 v2.7	Mouse gut	0.5490716305403679
131	12	67	0.916083916083916	0.6616161616161617	0.7683284457478007	44	mOTUs251_precision	Mouse gut	0.24813902555587466
163	47	35	0.7761904761904762	0.8232323232323232	0.7990196078431373	44	mOTUs251_recall	Mouse gut	0.2014255073471235
54	1168	144	0.044189852700491	0.2727272727272727	0.07605633802816901	44	Bracken_208_25_refseq	Mouse gut	0.7747178551178767
125	13	79	0.9057971014492754	0.6127450980392157	0.7309941520467838	43	MetaPhlAn v3.0 stat_q 0.2	Mouse gut	0.24872201831481663
126	23	78	0.8456375838926175	0.6176470588235294	0.7138810198300285	43	MetaPhlAn v3.0 stat_q 0.1	Mouse gut	0.24622294426298422
88	25	116	0.7787610619469026	0.43137254901960786	0.555205047318612	43	MetaPhlAn2 v2.7	Mouse gut	0.5775023281924346
140	11	64	0.9271523178807947	0.6862745098039216	0.788732394366197	43	mOTUs251_precision	Mouse gut	0.23496905621659253
173	39	31	0.8160377358490566	0.8480392156862745	0.8317307692307693	43	mOTUs251_recall	Mouse gut	0.19595283746210568
58	1252	146	0.044274809160305344	0.28431372549019607	0.07661822985468957	43	Bracken_208_25_refseq	Mouse gut	0.8101779353371237
121	12	79	0.9097744360902256	0.605	0.7267267267267268	42	MetaPhlAn v3.0 stat_q 0.2	Mouse gut	0.24781521485653898
124	22	76	0.8493150684931506	0.62	0.7167630057803469	42	MetaPhlAn v3.0 stat_q 0.1	Mouse gut	0.24415105315018062
75	30	125	0.7142857142857143	0.375	0.4918032786885245	42	MetaPhlAn2 v2.7	Mouse gut	0.32040221786265577
138	12	62	0.92	0.69	0.7885714285714287	42	mOTUs251_precision	Mouse gut	0.2249653336968662
171	47	29	0.7844036697247706	0.855	0.8181818181818182	42	mOTUs251_recall	Mouse gut	0.16970650088185518
47	1970	153	0.02330193356470005	0.235	0.042399639152007215	42	Bracken_208_25_refseq	Mouse gut	0.8369955008800014
91	14	47	0.8666666666666667	0.6594202898550725	0.7489711934156378	41	MetaPhlAn v3.0 stat_q 0.2	Mouse gut	0.25627046881140647
93	25	45	0.788135593220339	0.6739130434782609	0.7265625	41	MetaPhlAn v3.0 stat_q 0.1	Mouse gut	0.2542026507383498
61	16	77	0.7922077922077922	0.4420289855072464	0.5674418604651162	41	MetaPhlAn2 v2.7	Mouse gut	0.6193008306650188
100	13	38	0.8849557522123894	0.7246376811594203	0.796812749003984	41	mOTUs251_precision	Mouse gut	0.541217623652871
124	42	14	0.7469879518072289	0.8985507246376812	0.8157894736842105	41	mOTUs251_recall	Mouse gut	0.37098747084193767
47	805	91	0.05516431924882629	0.34057971014492755	0.09494949494949495	41	Bracken_208_25_refseq	Mouse gut	0.5873507403997488
139	9	90	0.9391891891891891	0.6069868995633187	0.7374005305039787	40	MetaPhlAn v3.0 stat_q 0.2	Mouse gut	0.26312328461373424
142	20	87	0.8765432098765432	0.6200873362445415	0.7263427109974424	40	MetaPhlAn v3.0 stat_q 0.1	Mouse gut	0.2524058973321807
98	23	131	0.8099173553719008	0.4279475982532751	0.56	40	MetaPhlAn2 v2.7	Mouse gut	0.3040061529496721
157	10	72	0.9401197604790419	0.6855895196506551	0.792929292929293	40	mOTUs251_precision	Mouse gut	0.2996813074501717
193	41	36	0.8247863247863247	0.8427947598253275	0.8336933045356372	40	mOTUs251_recall	Mouse gut	0.22848236979495015
62	993	167	0.058767772511848344	0.27074235807860264	0.09657320872274144	40	Bracken_208_25_refseq	Mouse gut	0.6353973772485503
40	8	22	0.8333333333333334	0.6451612903225806	0.7272727272727272	4	MetaPhlAn v3.0 stat_q 0.2	Mouse gut	0.18693410653294673
40	10	22	0.8	0.6451612903225806	0.7142857142857142	4	MetaPhlAn v3.0 stat_q 0.1	Mouse gut	0.1862211255115498
30	11	32	0.7317073170731707	0.4838709677419355	0.5825242718446603	4	MetaPhlAn2 v2.7	Mouse gut	0.46141946680736856
46	9	16	0.8363636363636363	0.7419354838709677	0.7863247863247863	4	mOTUs251_precision	Mouse gut	0.3552196519693203
56	19	6	0.7466666666666667	0.9032258064516129	0.8175182481751825	4	mOTUs251_recall	Mouse gut	0.27309429576171923
23	1237	39	0.018253968253968255	0.3709677419354839	0.03479576399394856	4	Bracken_208_25_refseq	Mouse gut	0.6842349360992201
87	11	55	0.8877551020408163	0.6126760563380281	0.725	39	MetaPhlAn v3.0 stat_q 0.2	Mouse gut	0.31829907345425545
87	19	55	0.8207547169811321	0.6126760563380281	0.7016129032258064	39	MetaPhlAn v3.0 stat_q 0.1	Mouse gut	0.3016224192477897
59	19	83	0.7564102564102564	0.4154929577464789	0.5363636363636364	39	MetaPhlAn2 v2.7	Mouse gut	0.3234802741280195
103	13	39	0.8879310344827587	0.7253521126760564	0.7984496124031009	39	mOTUs251_precision	Mouse gut	0.2814156550179644
124	42	18	0.7469879518072289	0.8732394366197183	0.8051948051948051	39	mOTUs251_recall	Mouse gut	0.2312229589476003
38	1204	104	0.030595813204508857	0.2676056338028169	0.05491329479768786	39	Bracken_208_25_refseq	Mouse gut	0.5764425889272635
59	11	38	0.8428571428571429	0.6082474226804123	0.7065868263473053	38	MetaPhlAn v3.0 stat_q 0.2	Mouse gut	0.16119743281540316
60	17	37	0.7792207792207793	0.6185567010309279	0.6896551724137931	38	MetaPhlAn v3.0 stat_q 0.1	Mouse gut	0.16056092057838453
46	16	51	0.7419354838709677	0.4742268041237113	0.578616352201258	38	MetaPhlAn2 v2.7	Mouse gut	0.6356479717955889
69	12	28	0.8518518518518519	0.711340206185567	0.7752808988764046	38	mOTUs251_precision	Mouse gut	0.5087076685725693
88	36	9	0.7096774193548387	0.9072164948453608	0.7963800904977375	38	mOTUs251_recall	Mouse gut	0.4099050625204693
42	895	55	0.044823906083244394	0.4329896907216495	0.08123791102514506	38	Bracken_208_25_refseq	Mouse gut	0.6024037387931838
128	10	84	0.927536231884058	0.6037735849056604	0.7314285714285714	37	MetaPhlAn v3.0 stat_q 0.2	Mouse gut	0.3217792007513578
134	17	78	0.8874172185430463	0.6320754716981132	0.7382920110192839	37	MetaPhlAn v3.0 stat_q 0.1	Mouse gut	0.3127050931552298
81	30	131	0.7297297297297297	0.38207547169811323	0.501547987616099	37	MetaPhlAn2 v2.7	Mouse gut	0.465453294683314
148	8	64	0.9487179487179487	0.6981132075471698	0.8043478260869565	37	mOTUs251_precision	Mouse gut	0.33271739807812817
182	38	30	0.8272727272727273	0.8584905660377359	0.8425925925925927	37	mOTUs251_recall	Mouse gut	0.23451569666561942
56	862	156	0.061002178649237473	0.2641509433962264	0.09911504424778762	37	Bracken_208_25_refseq	Mouse gut	0.6630118020903354
111	9	82	0.925	0.5751295336787565	0.7092651757188498	36	MetaPhlAn v3.0 stat_q 0.2	Mouse gut	0.33526008728342394
114	15	79	0.8837209302325582	0.5906735751295337	0.7080745341614906	36	MetaPhlAn v3.0 stat_q 0.1	Mouse gut	0.3189670969720954
71	26	122	0.7319587628865979	0.36787564766839376	0.489655172413793	36	MetaPhlAn2 v2.7	Mouse gut	0.3847583681594786
131	13	62	0.9097222222222222	0.6787564766839378	0.7774480712166173	36	mOTUs251_precision	Mouse gut	0.2653780685852366
161	40	32	0.8009950248756219	0.8341968911917098	0.8172588832487311	36	mOTUs251_recall	Mouse gut	0.20369788103013434
50	1020	143	0.04672897196261682	0.25906735751295334	0.0791765637371338	36	Bracken_208_25_refseq	Mouse gut	0.6089813817117284
44	5	19	0.8979591836734694	0.6984126984126984	0.7857142857142857	35	MetaPhlAn v3.0 stat_q 0.2	Mouse gut	0.12140144618399835
44	7	19	0.8627450980392157	0.6984126984126984	0.7719298245614035	35	MetaPhlAn v3.0 stat_q 0.1	Mouse gut	0.12099630391515394
33	11	30	0.75	0.5238095238095238	0.6168224299065421	35	MetaPhlAn2 v2.7	Mouse gut	0.501289011709471
47	9	16	0.8392857142857143	0.746031746031746	0.7899159663865546	35	mOTUs251_precision	Mouse gut	0.510056282290473
57	23	6	0.7125	0.9047619047619048	0.7972027972027972	35	mOTUs251_recall	Mouse gut	0.37931239292649255
27	1027	36	0.025616698292220113	0.42857142857142855	0.048343777976723366	35	Bracken_208_25_refseq	Mouse gut	0.448537069973882
141	16	84	0.8980891719745223	0.6266666666666667	0.7382198952879582	34	MetaPhlAn v3.0 stat_q 0.2	Mouse gut	0.3460509741307314
144	22	81	0.8674698795180723	0.64	0.7365728900255755	34	MetaPhlAn v3.0 stat_q 0.1	Mouse gut	0.3404876600963448
93	31	132	0.75	0.41333333333333333	0.5329512893982808	34	MetaPhlAn2 v2.7	Mouse gut	0.44137158280971495
157	15	68	0.9127906976744186	0.6977777777777778	0.7909319899244331	34	mOTUs251_precision	Mouse gut	0.3712062631989612
191	51	34	0.7892561983471075	0.8488888888888889	0.8179871520342613	34	mOTUs251_recall	Mouse gut	0.2418521176976148
62	699	163	0.08147174770039421	0.27555555555555555	0.1257606490872211	34	Bracken_208_25_refseq	Mouse gut	0.5889478832402674
122	18	82	0.8714285714285714	0.5980392156862745	0.7093023255813954	33	MetaPhlAn v3.0 stat_q 0.2	Mouse gut	0.3893146076522576
122	23	82	0.8413793103448276	0.5980392156862745	0.6991404011461319	33	MetaPhlAn v3.0 stat_q 0.1	Mouse gut	0.3775377483147679
73	29	131	0.7156862745098039	0.35784313725490197	0.477124183006536	33	MetaPhlAn2 v2.7	Mouse gut	0.4238082310456126
147	11	57	0.930379746835443	0.7205882352941176	0.8121546961325966	33	mOTUs251_precision	Mouse gut	0.25963761568124344
175	43	29	0.8027522935779816	0.8578431372549019	0.8293838862559242	33	mOTUs251_recall	Mouse gut	0.17432179415290597
57	1148	147	0.04730290456431535	0.27941176470588236	0.08090844570617459	33	Bracken_208_25_refseq	Mouse gut	0.7196964726540412
34	2	15	0.9444444444444444	0.6938775510204082	0.7999999999999999	32	MetaPhlAn v3.0 stat_q 0.2	Mouse gut	0.11427674428616277
35	4	14	0.8974358974358975	0.7142857142857143	0.7954545454545455	32	MetaPhlAn v3.0 stat_q 0.1	Mouse gut	0.11369074431546279
27	6	22	0.8181818181818182	0.5510204081632653	0.6585365853658536	32	MetaPhlAn2 v2.7	Mouse gut	0.5390118677089627
36	5	13	0.8780487804878049	0.7346938775510204	0.8	32	mOTUs251_precision	Mouse gut	0.6189889999999999
46	18	3	0.71875	0.9387755102040817	0.8141592920353982	32	mOTUs251_recall	Mouse gut	0.3597170374712599
28	636	21	0.04216867469879518	0.5714285714285714	0.0785413744740533	32	Bracken_208_25_refseq	Mouse gut	0.36742451545731214
95	13	59	0.8796296296296297	0.6168831168831169	0.7251908396946566	31	MetaPhlAn v3.0 stat_q 0.2	Mouse gut	0.20999473099420407
99	21	55	0.825	0.6428571428571429	0.7226277372262773	31	MetaPhlAn v3.0 stat_q 0.1	Mouse gut	0.20556058500452645
68	31	86	0.6868686868686869	0.44155844155844154	0.5375494071146245	31	MetaPhlAn2 v2.7	Mouse gut	0.2698048261025801
104	10	50	0.9122807017543859	0.6753246753246753	0.7761194029850746	31	mOTUs251_precision	Mouse gut	0.28044782430278653
134	39	20	0.7745664739884393	0.8701298701298701	0.819571865443425	31	mOTUs251_recall	Mouse gut	0.20210487214331338
48	563	106	0.07855973813420622	0.3116883116883117	0.12549019607843134	31	Bracken_208_25_refseq	Mouse gut	0.5983860160116347
120	12	87	0.9090909090909091	0.5797101449275363	0.7079646017699115	30	MetaPhlAn v3.0 stat_q 0.2	Mouse gut	0.40758931946446114
124	22	83	0.8493150684931506	0.5990338164251208	0.7025495750708216	30	MetaPhlAn v3.0 stat_q 0.1	Mouse gut	0.4017021290212838
78	28	129	0.7358490566037735	0.37681159420289856	0.49840255591054317	30	MetaPhlAn2 v2.7	Mouse gut	0.3824548467307344
144	10	63	0.935064935064935	0.6956521739130435	0.7977839335180056	30	mOTUs251_precision	Mouse gut	0.33901418253366694
177	38	30	0.8232558139534883	0.855072463768116	0.838862559241706	30	mOTUs251_recall	Mouse gut	0.2602925944767783
49	677	158	0.0674931129476584	0.23671497584541062	0.10503751339764202	30	Bracken_208_25_refseq	Mouse gut	0.6491797909627521
81	8	41	0.9101123595505618	0.6639344262295082	0.7677725118483413	3	MetaPhlAn v3.0 stat_q 0.2	Mouse gut	0.17371544788536564
81	15	41	0.84375	0.6639344262295082	0.7431192660550459	3	MetaPhlAn v3.0 stat_q 0.1	Mouse gut	0.17120037295983218
60	16	62	0.7894736842105263	0.4918032786885246	0.6060606060606061	3	MetaPhlAn2 v2.7	Mouse gut	0.24751401998375114
85	9	37	0.9042553191489362	0.6967213114754098	0.7870370370370371	3	mOTUs251_precision	Mouse gut	0.13274906233648334
102	30	20	0.7727272727272727	0.8360655737704918	0.8031496062992125	3	mOTUs251_recall	Mouse gut	0.10307016241364406
36	1466	86	0.023968042609853527	0.29508196721311475	0.04433497536945813	3	Bracken_208_25_refseq	Mouse gut	0.8566956821321785
71	9	37	0.8875	0.6574074074074074	0.7553191489361702	29	MetaPhlAn v3.0 stat_q 0.2	Mouse gut	0.2974187625144113
75	13	33	0.8522727272727273	0.6944444444444444	0.7653061224489796	29	MetaPhlAn v3.0 stat_q 0.1	Mouse gut	0.2933426740294232
44	19	64	0.6984126984126984	0.4074074074074074	0.5146198830409356	29	MetaPhlAn2 v2.7	Mouse gut	0.5622505624101862
80	10	28	0.8888888888888888	0.7407407407407407	0.808080808080808	29	mOTUs251_precision	Mouse gut	0.47830195258211233
98	30	10	0.765625	0.9074074074074074	0.8305084745762712	29	mOTUs251_recall	Mouse gut	0.38391292307993047
42	993	66	0.04057971014492753	0.3888888888888889	0.07349081364829396	29	Bracken_208_25_refseq	Mouse gut	0.6904424739765374
110	15	86	0.88	0.5612244897959183	0.6853582554517134	28	MetaPhlAn v3.0 stat_q 0.2	Mouse gut	0.27775749173665354
115	22	81	0.8394160583941606	0.5867346938775511	0.6906906906906908	28	MetaPhlAn v3.0 stat_q 0.1	Mouse gut	0.27529856398488245
78	30	118	0.7222222222222222	0.3979591836734694	0.513157894736842	28	MetaPhlAn2 v2.7	Mouse gut	0.3692998019633973
124	12	72	0.9117647058823529	0.6326530612244898	0.746987951807229	28	mOTUs251_precision	Mouse gut	0.4317061602154024
157	42	39	0.7889447236180904	0.8010204081632653	0.7949367088607594	28	mOTUs251_recall	Mouse gut	0.31149258155623205
46	405	150	0.10199556541019955	0.23469387755102042	0.14219474497681608	28	Bracken_208_25_refseq	Mouse gut	0.5005787144275936
111	14	93	0.888	0.5441176470588235	0.6747720364741641	27	MetaPhlAn v3.0 stat_q 0.2	Mouse gut	0.3570850568422956
118	19	86	0.8613138686131386	0.5784313725490197	0.6920821114369502	27	MetaPhlAn v3.0 stat_q 0.1	Mouse gut	0.35169320189727055
79	31	125	0.7181818181818181	0.3872549019607843	0.5031847133757962	27	MetaPhlAn2 v2.7	Mouse gut	0.38455805212463134
127	15	77	0.8943661971830986	0.6225490196078431	0.7341040462427747	27	mOTUs251_precision	Mouse gut	0.3627095841560856
166	46	38	0.78301886792452835	0.8137254901960784	0.7980769230769231	27	mOTUs251_recall	Mouse gut	0.2573152879020068
52	499	152	0.09437386569872959	0.2549019607843137	0.13774834437086095	27	Bracken_208_25_refseq	Mouse gut	0.5501736136333919
63	10	38	0.863013698630137	0.6237623762376238	0.7241379310344828	26	MetaPhlAn v3.0 stat_q 0.2	Mouse gut	0.52291396133807
65	14	36	0.8227848101265823	0.6435643564356436	0.7222222222222223	26	MetaPhlAn v3.0 stat_q 0.1	Mouse gut	0.5170287297266878
45	17	56	0.7258064516129032	0.44554455445544555	0.5521472392638037	26	MetaPhlAn2 v2.7	Mouse gut	0.5673320717549274
76	12	25	0.8636363636363636	0.7524752475247525	0.8042328042328043	26	mOTUs251_precision	Mouse gut	0.4589909125224729
94	32	7	0.746031746031746	0.9306930693069307	0.8281938325991189	26	mOTUs251_recall	Mouse gut	0.28039870695413105
37	863	64	0.04111111111111111	0.36633663366336633	0.07392607392607393	26	Bracken_208_25_refseq	Mouse gut	0.6384906423752985
124	13	77	0.9051094890510949	0.6169154228855721	0.7337278106508875	25	MetaPhlAn v3.0 stat_q 0.2	Mouse gut	0.2263437909154245
125	21	76	0.8561643835616438	0.6218905472636815	0.7204610951008644	25	MetaPhlAn v3.0 stat_q 0.1	Mouse gut	0.22533325713370292
71	25	130	0.7395833333333334	0.35323383084577115	0.47811447811447816	25	MetaPhlAn2 v2.7	Mouse gut	0.5323432328457555
137	16	64	0.8954248366013072	0.681592039800995	0.7740112994350283	25	mOTUs251_precision	Mouse gut	0.3026767314754949
169	45	32	0.7897196261682243	0.8407960199004975	0.8144578313253013	25	mOTUs251_recall	Mouse gut	0.2282896354833908
55	916	146	0.05664263645726056	0.2736318407960199	0.0938566552901024	25	Bracken_208_25_refseq	Mouse gut	0.6641172287382686
120	12	83	0.9090909090909091	0.5911330049261084	0.7164179104477613	24	MetaPhlAn v3.0 stat_q 0.2	Mouse gut	0.34293914265214337
125	19	78	0.8680555555555556	0.6157635467980296	0.7204610951008646	24	MetaPhlAn v3.0 stat_q 0.1	Mouse gut	0.34241377684486907
70	27	133	0.7216494845360825	0.3448275862068966	0.46666666666666673	24	MetaPhlAn2 v2.7	Mouse gut	0.5331978942211151
143	10	60	0.934640522875817	0.7044334975369458	0.8033707865168539	24	mOTUs251_precision	Mouse gut	0.30264894380045626
172	41	31	0.8075117370892019	0.8472906403940886	0.826923076923077	24	mOTUs251_recall	Mouse gut	0.23409867072539584
50	791	153	0.059453032104637336	0.24630541871921183	0.09578544061302682	24	Bracken_208_25_refseq	Mouse gut	0.665052932646432
70	9	32	0.8860759493670886	0.6862745098039216	0.7734806629834253	23	MetaPhlAn v3.0 stat_q 0.2	Mouse gut	0.2320016496046189
70	15	32	0.8235294117647058	0.6862745098039216	0.748663101604278	23	MetaPhlAn v3.0 stat_q 0.1	Mouse gut	0.23059725332162265
43	12	59	0.7818181818181819	0.4215686274509804	0.5477707006369427	23	MetaPhlAn2 v2.7	Mouse gut	0.5243335597657103
74	5	28	0.9367088607594937	0.7254901960784313	0.8176795580110497	23	mOTUs251_precision	Mouse gut	0.46145442732485853
94	39	8	0.706766917293233	0.9215686274509803	0.7999999999999999	23	mOTUs251_recall	Mouse gut	0.3666130112644122
41	712	61	0.05444887118193891	0.4019607843137255	0.09590643274853801	23	Bracken_208_25_refseq	Mouse gut	0.5547379026200725
132	17	74	0.8859060402684564	0.6407766990291263	0.7436619718309858	22	MetaPhlAn v3.0 stat_q 0.2	Mouse gut	0.15879211030197243
134	22	72	0.8589743589743589	0.6504854368932039	0.7403314917127072	22	MetaPhlAn v3.0 stat_q 0.1	Mouse gut	0.15741892638716104
88	28	118	0.7586206896551724	0.42718446601941745	0.5465838509316769	22	MetaPhlAn2 v2.7	Mouse gut	0.30018941347286227
142	15	64	0.9044585987261147	0.6893203883495146	0.7823691460055098	22	mOTUs251_precision	Mouse gut	0.3135363549884542
173	45	33	0.7935779816513762	0.8398058252427184	0.8160377358490567	22	mOTUs251_recall	Mouse gut	0.23578158142194683
62	543	144	0.1024793388429752	0.30097087378640774	0.15289765721331688	22	Bracken_208_25_refseq	Mouse gut	0.5676424621303198
72	13	33	0.8470588235294118	0.6857142857142857	0.7578947368421053	21	MetaPhlAn v3.0 stat_q 0.2	Mouse gut	0.37343940476743454
73	18	32	0.8021978021978022	0.6952380952380952	0.7448979591836735	21	MetaPhlAn v3.0 stat_q 0.1	Mouse gut	0.37174816598594107
43	15	62	0.7413793103448276	0.4095238095238095	0.5276073619631901	21	MetaPhlAn2 v2.7	Mouse gut	0.45979544909629927
80	14	25	0.851063829787234	0.7619047619047619	0.8040201005025126	21	mOTUs251_precision	Mouse gut	0.2996090433924769
95	29	10	0.7661290322580645	0.9047619047619048	0.8296943231441049	21	mOTUs251_recall	Mouse gut	0.26012855140718033
43	1017	62	0.040566037735849055	0.4095238095238095	0.07381974248927038	21	Bracken_208_25_refseq	Mouse gut	0.6813648625104386
96	13	51	0.8807339449541285	0.6530612244897959	0.75	20	MetaPhlAn v3.0 stat_q 0.2	Mouse gut	0.5812306389995767
98	19	49	0.8376068376068376	0.6666666666666666	0.7424242424242424	20	MetaPhlAn v3.0 stat_q 0.1	Mouse gut	0.5802530247084692
61	24	86	0.7176470588235294	0.41496598639455784	0.5258620689655173	20	MetaPhlAn2 v2.7	Mouse gut	0.7130611985448838
104	9	43	0.9203539823008849	0.7074829931972789	0.8	20	mOTUs251_precision	Mouse gut	0.6476397086135559
128	45	19	0.7398843930635838	0.8707482993197279	0.8	20	mOTUs251_recall	Mouse gut	0.3868325606575685
46	543	101	0.07809847198641766	0.3129251700680272	0.125	20	Bracken_208_25_refseq	Mouse gut	0.6109666825955457
48	9	27	0.8421052631578947	0.64	0.7272727272727272	2	MetaPhlAn v3.0 stat_q 0.2	Mouse gut	0.13991011869889763
48	16	27	0.75	0.64	0.6906474820143884	2	MetaPhlAn v3.0 stat_q 0.1	Mouse gut	0.13982891842687672
29	15	46	0.6590909090909091	0.38666666666666666	0.48739495798319327	2	MetaPhlAn2 v2.7	Mouse gut	0.533179394345176
56	6	19	0.9032258064516129	0.7466666666666667	0.8175182481751825	2	mOTUs251_precision	Mouse gut	0.5582700751298484
69	24	6	0.7419354838709677	0.92	0.8214285714285714	2	mOTUs251_recall	Mouse gut	0.32954124279795527
38	514	37	0.06884057971014493	0.5066666666666667	0.12121212121212123	2	Bracken_208_25_refseq	Mouse gut	0.3273851449476693
84	15	48	0.8484848484848485	0.6363636363636364	0.7272727272727273	19	MetaPhlAn v3.0 stat_q 0.2	Mouse gut	0.4956343764256327
85	20	47	0.8095238095238095	0.6439393939393939	0.7172995780590717	19	MetaPhlAn v3.0 stat_q 0.1	Mouse gut	0.4952454986125174
48	25	84	0.6575342465753424	0.36363636363636365	0.4682926829268292	19	MetaPhlAn2 v2.7	Mouse gut	0.6254215260250235
89	11	43	0.89	0.6742424242424242	0.7672413793103449	19	mOTUs251_precision	Mouse gut	0.5359238956676539
111	37	21	0.75	0.8409090909090909	0.7928571428571429	19	mOTUs251_recall	Mouse gut	0.36846344535552317
36	779	96	0.044171779141104296	0.2727272727272727	0.07602956705385427	19	Bracken_208_25_refseq	Mouse gut	0.6741563633867997
52	9	21	0.8524590163934426	0.7123287671232876	0.7761194029850746	18	MetaPhlAn v3.0 stat_q 0.2	Mouse gut	0.5766392510857907
52	13	21	0.8	0.7123287671232876	0.7536231884057971	18	MetaPhlAn v3.0 stat_q 0.1	Mouse gut	0.5761744013755244
31	7	42	0.8157894736842105	0.4246575342465753	0.5585585585585585	18	MetaPhlAn2 v2.7	Mouse gut	0.720353387850775
55	10	18	0.8461538461538461	0.7534246575342466	0.7971014492753623	18	mOTUs251_precision	Mouse gut	0.7500322500967503
63	22	10	0.7411764705882353	0.863013698630137	0.7974683544303799	18	mOTUs251_recall	Mouse gut	0.3900415099752985
31	247	42	0.11151079136690648	0.4246575342465753	0.17663817663817663	18	Bracken_208_25_refseq	Mouse gut	0.5385886939727287
89	13	49	0.8725490196078431	0.644927536231884	0.7416666666666667	17	MetaPhlAn v3.0 stat_q 0.2	Mouse gut	0.5395337279017756
89	17	49	0.839622641509434	0.644927536231884	0.7295081967213114	17	MetaPhlAn v3.0 stat_q 0.1	Mouse gut	0.5392600727443201
48	26	90	0.6486486486486487	0.34782608695652173	0.4528301886792453	17	MetaPhlAn2 v2.7	Mouse gut	0.65285220460104
94	11	44	0.8952380952380953	0.6811594202898551	0.7736625514403294	17	mOTUs251_precision	Mouse gut	0.5396949968093199
117	40	21	0.7452229299363057	0.8478260869565217	0.7932203389830509	17	mOTUs251_recall	Mouse gut	0.3377540870922502
36	768	102	0.04477611940298507	0.2608695652173913	0.07643312101910828	17	Bracken_208_25_refseq	Mouse gut	0.6071799767686598
48	7	27	0.8727272727272727	0.64	0.7384615384615385	16	MetaPhlAn v3.0 stat_q 0.2	Mouse gut	0.6772918968124311
48	9	27	0.8421052631578947	0.64	0.7272727272727272	16	MetaPhlAn v3.0 stat_q 0.1	Mouse gut	0.6771281098667287
34	9	41	0.7906976744186046	0.4533333333333333	0.576271186440678	16	MetaPhlAn2 v2.7	Mouse gut	0.7121289169583843
53	6	22	0.8983050847457628	0.7066666666666667	0.7910447761194029	16	mOTUs251_precision	Mouse gut	0.9391270304364848
66	25	9	0.7252747252747253	0.88	0.7951807228915663	16	mOTUs251_recall	Mouse gut	0.4727219376712716
29	142	46	0.1695906432748538	0.38666666666666666	0.23577235772357724	16	Bracken_208_25_refseq	Mouse gut	0.552291663436177
111	18	59	0.8604651162790697	0.6529411764705882	0.7424749163879598	15	MetaPhlAn v3.0 stat_q 0.2	Mouse gut	0.24860910436326053
112	22	58	0.835820895522388	0.6588235294117647	0.7368421052631579	15	MetaPhlAn v3.0 stat_q 0.1	Mouse gut	0.24709384491776176
69	25	101	0.7340425531914894	0.40588235294117647	0.5227272727272727	15	MetaPhlAn2 v2.7	Mouse gut	0.4668007323032868
112	14	58	0.8888888888888888	0.6588235294117647	0.7567567567567567	15	mOTUs251_precision	Mouse gut	0.4994956798464
145	36	25	0.8011049723756906	0.8529411764705882	0.8262108262108262	15	mOTUs251_recall	Mouse gut	0.33567778544356114
47	688	123	0.06394557823129252	0.27647058823529413	0.10386740331491712	15	Bracken_208_25_refseq	Mouse gut	0.5642576998269342
95	14	67	0.8715596330275229	0.5864197530864198	0.7011070110701108	14	MetaPhlAn v3.0 stat_q 0.2	Mouse gut	0.32906593200551
96	18	66	0.8421052631578947	0.5925925925925926	0.6956521739130435	14	MetaPhlAn v3.0 stat_q 0.1	Mouse gut	0.3269236153805231
65	21	97	0.7558139534883721	0.4012345679012346	0.5241935483870968	14	MetaPhlAn2 v2.7	Mouse gut	0.405251064557371
104	11	58	0.9043478260869565	0.6419753086419753	0.7509025270758123	14	mOTUs251_precision	Mouse gut	0.2879149695960537
137	43	25	0.7611111111111111	0.845679012345679	0.8011695906432749	14	mOTUs251_recall	Mouse gut	0.20132988939376661
38	609	124	0.05873261205564142	0.2345679012345679	0.09394313967861558	14	Bracken_208_25_refseq	Mouse gut	0.5816560267080076
73	12	38	0.8588235294117647	0.6576576576576577	0.7448979591836735	13	MetaPhlAn v3.0 stat_q 0.2	Mouse gut	0.15757659424372109
75	15	36	0.8333333333333334	0.6756756756756757	0.746268656716418	13	MetaPhlAn v3.0 stat_q 0.1	Mouse gut	0.15460553190829784
43	12	68	0.7818181818181819	0.38738738738738737	0.5180722891566265	13	MetaPhlAn2 v2.7	Mouse gut	0.5810659535299209
76	8	35	0.9047619047619048	0.6846846846846847	0.7794871794871795	13	mOTUs251_precision	Mouse gut	0.5783816289431988
95	35	16	0.7307692307692307	0.8558558558558559	0.7883817427385893	13	mOTUs251_recall	Mouse gut	0.4283489438377691
45	468	66	0.08771929824561403	0.40540540540540543	0.14423076923076925	13	Bracken_208_25_refseq	Mouse gut	0.5151814542264077
106	25	56	0.8091603053435115	0.654320987654321	0.7235494880546076	12	MetaPhlAn v3.0 stat_q 0.2	Mouse gut	0.4075779256019414
109	32	53	0.7730496453900709	0.6728395061728395	0.7194719471947194	12	MetaPhlAn v3.0 stat_q 0.1	Mouse gut	0.40304364467362186
70	22	92	0.7608695652173914	0.43209876543209874	0.5511811023622047	12	MetaPhlAn2 v2.7	Mouse gut	0.5691237873724269
114	12	48	0.9047619047619048	0.7037037037037037	0.7916666666666667	12	mOTUs251_precision	Mouse gut	0.6792843836051486
141	38	21	0.7877094972067039	0.8703703703703703	0.8269794721407624	12	mOTUs251_recall	Mouse gut	0.39199472255006346
50	525	112	0.08695652173913043	0.30864197530864196	0.13568521031207598	12	Bracken_208_25_refseq	Mouse gut	0.5722015749356296
93	13	65	0.8773584905660378	0.5886075949367089	0.7045454545454547	11	MetaPhlAn v3.0 stat_q 0.2	Mouse gut	0.40289196002273797
96	15	62	0.8648648648648649	0.6075949367088608	0.7137546468401488	11	MetaPhlAn v3.0 stat_q 0.1	Mouse gut	0.40099033663285544
65	17	93	0.7926829268292683	0.41139240506329117	0.5416666666666667	11	MetaPhlAn2 v2.7	Mouse gut	0.5535236836384414
100	9	58	0.9174311926605505	0.6329113924050633	0.7490636704119851	11	mOTUs251_precision	Mouse gut	0.35188516096283645
133	29	25	0.8209876543209876	0.8417721518987342	0.83125	11	mOTUs251_recall	Mouse gut	0.25217303206375097
45	1084	113	0.03985828166519043	0.2848101265822785	0.06993006993006992	11	Bracken_208_25_refseq	Mouse gut	0.7500699979514016
84	14	36	0.8571428571428571	0.7	0.7706422018348624	10	MetaPhlAn v3.0 stat_q 0.2	Mouse gut	0.30417448190665175
86	17	34	0.8349514563106796	0.7166666666666667	0.7713004484304932	10	MetaPhlAn v3.0 stat_q 0.1	Mouse gut	0.3010464090286748
55	10	65	0.8461538461538461	0.4583333333333333	0.5945945945945945	10	MetaPhlAn2 v2.7	Mouse gut	0.6064089195509091
87	13	33	0.87	0.725	0.790909090909091	10	mOTUs251_precision	Mouse gut	0.6175952027158289
107	34	13	0.7588652482269503	0.8916666666666667	0.8199233716475095	10	mOTUs251_recall	Mouse gut	0.39367670606149074
45	520	75	0.07964601769911504	0.375	0.1313868613138686	10	Bracken_208_25_refseq	Mouse gut	0.516378158716425
49	5	33	0.9074074074074074	0.5975609756097561	0.7205882352941176	1	MetaPhlAn v3.0 stat_q 0.2	Mouse gut	0.7442924821909366
51	11	31	0.8225806451612904	0.6219512195121951	0.7083333333333333	1	MetaPhlAn v3.0 stat_q 0.1	Mouse gut	0.6670623652817215
31	13	51	0.7045454545454546	0.3780487804878049	0.4920634920634921	1	MetaPhlAn2 v2.7	Mouse gut	0.44719983113679973
56	9	26	0.8615384615384616	0.6829268292682927	0.7619047619047619	1	mOTUs251_precision	Mouse gut	0.46090131136704166
70	22	12	0.7608695652173914	0.8536585365853658	0.8045977011494252	1	mOTUs251_recall	Mouse gut	0.30109914639872065
28	504	54	0.05263157894736842	0.34146341463414637	0.09120521172638436	1	Bracken_208_25_refseq	Mouse gut	0.5283856001305857
42	7	22	0.8571428571428571	0.65625	0.743362831858407	0	MetaPhlAn v3.0 stat_q 0.2	Mouse gut	0.6123004165819163
43	13	21	0.7678571428571429	0.671875	0.7166666666666668	0	MetaPhlAn v3.0 stat_q 0.1	Mouse gut	0.6114695710395911
31	10	33	0.7560975609756098	0.484375	0.5904761904761905	0	MetaPhlAn2 v2.7	Mouse gut	0.7074737672964898
37	8	27	0.8222222222222222	0.578125	0.6788990825688074	0	mOTUs251_precision	Mouse gut	0.9262336680515061
50	25	14	0.6666666666666666	0.78125	0.7194244604316546	0	mOTUs251_recall	Mouse gut	0.47357482422520375
30	186	34	0.1388888888888889	0.46875	0.21428571428571433	0	Bracken_208_25_refseq	Mouse gut	0.5535978297795908
54	5	6	0.9152542372881356	0.9	0.9075630252100839	8	MetaPhlAn v3.0 stat_q 0.2	Oral	0.09397625527633327
56	8	4	0.875	0.9333333333333333	0.9032258064516129	8	MetaPhlAn v3.0 stat_q 0.1	Oral	0.09105854727365274
42	12	18	0.7777777777777778	0.7	0.7368421052631577	8	MetaPhlAn2 v2.7	Oral	0.29823068997874874
44	3	16	0.9361702127659575	0.7333333333333333	0.822429906542056	8	mOTUs251_precision	Oral	0.16786540095899638
58	18	2	0.7631578947368421	0.9666666666666667	0.8529411764705883	8	mOTUs251_recall	Oral	0.09766720797569005
59	102	1	0.36645962732919257	0.9833333333333333	0.5339366515837104	8	Bracken_208_25_refseq	Oral	0.045683568019701845
54	6	5	0.9	0.9152542372881356	0.9075630252100839	7	MetaPhlAn v3.0 stat_q 0.2	Oral	0.049025844513496716
55	9	4	0.859375	0.9322033898305084	0.8943089430894309	7	MetaPhlAn v3.0 stat_q 0.1	Oral	0.052217338186643925
39	9	20	0.8125	0.6610169491525424	0.7289719626168225	7	MetaPhlAn2 v2.7	Oral	0.23325311267111967
43	6	16	0.8775510204081632	0.7288135593220338	0.7962962962962963	7	mOTUs251_precision	Oral	0.12545601790065805
55	21	4	0.7236842105263158	0.9322033898305084	0.8148148148148149	7	mOTUs251_recall	Oral	0.07982603836690838
58	93	1	0.3841059602649007	0.9830508474576272	0.5523809523809524	7	Bracken_208_25_refseq	Oral	0.042338421279545645
42	3	4	0.9333333333333333	0.9130434782608695	0.9230769230769231	6	MetaPhlAn v3.0 stat_q 0.2	Oral	0.09134435219318572
42	9	4	0.8235294117647058	0.9130434782608695	0.865979381443299	6	MetaPhlAn v3.0 stat_q 0.1	Oral	0.08723856492528138
29	8	17	0.7837837837837838	0.6304347826086957	0.6987951807228915	6	MetaPhlAn2 v2.7	Oral	0.2835395554354524
34	7	12	0.8292682926829268	0.7391304347826086	0.7816091954022988	6	mOTUs251_precision	Oral	0.11185290581266098
43	26	3	0.6231884057971014	0.9347826086956522	0.7478260869565218	6	mOTUs251_recall	Oral	0.08122222048206738
46	129	0	0.26285714285714284	1	0.41628959276018096	6	Bracken_208_25_refseq	Oral	0.050064978525572734
82	9	14	0.9010989010989011	0.8541666666666666	0.8770053475935828	19	MetaPhlAn v3.0 stat_q 0.2	Oral	0.07453677055232973
83	15	13	0.8469387755102041	0.8645833333333334	0.8556701030927835	19	MetaPhlAn v3.0 stat_q 0.1	Oral	0.07475208468196609
60	14	36	0.8108108108108109	0.625	0.7058823529411764	19	MetaPhlAn2 v2.7	Oral	0.16798988561547473
63	13	33	0.8289473684210527	0.65625	0.7325581395348838	19	mOTUs251_precision	Oral	0.1912701482078474
90	58	6	0.6081081081081081	0.9375	0.7377049180327868	19	mOTUs251_recall	Oral	0.11249925060542437
95	151	1	0.3861788617886179	0.9895833333333334	0.5555555555555556	19	Bracken_208_25_refseq	Oral	0.08937882407551909
68	7	6	0.9066666666666666	0.918918918918919	0.912751677852349	18	MetaPhlAn v3.0 stat_q 0.2	Oral	0.11715809276299297
69	16	5	0.8117647058823529	0.9324324324324325	0.8679245283018868	18	MetaPhlAn v3.0 stat_q 0.1	Oral	0.11408088420918254
40	15	34	0.7272727272727273	0.5405405405405406	0.6201550387596899	18	MetaPhlAn2 v2.7	Oral	0.24514483392870023
58	16	16	0.7837837837837838	0.7837837837837838	0.7837837837837838	18	mOTUs251_precision	Oral	0.2660679333624948
69	49	5	0.5847457627118644	0.9324324324324325	0.71875	18	mOTUs251_recall	Oral	0.15480914256315606
73	158	1	0.31601731601731603	0.9864864864864865	0.47868852459016403	18	Bracken_208_25_refseq	Oral	0.10376533165800741
48	5	5	0.9056603773584906	0.9056603773584906	0.9056603773584906	17	MetaPhlAn v3.0 stat_q 0.2	Oral	0.12967267138292288
48	8	5	0.8571428571428571	0.9056603773584906	0.8807339449541285	17	MetaPhlAn v3.0 stat_q 0.1	Oral	0.13218278446009368
35	13	18	0.7291666666666666	0.660377358490566	0.693069306930693	17	MetaPhlAn2 v2.7	Oral	0.2776581412961149
38	6	15	0.8636363636363636	0.71698113207547165	0.7835051546391751	17	mOTUs251_precision	Oral	0.2199604471674655
50	26	3	0.6578947368421053	0.9433962264150944	0.7751937984496124	17	mOTUs251_recall	Oral	0.12056116975638143
52	125	1	0.2937853107344633	0.9811320754716981	0.4521739130434783	17	Bracken_208_25_refseq	Oral	0.05347021174003772
111	14	18	0.888	0.8604651162790697	0.8740157480314961	16	MetaPhlAn v3.0 stat_q 0.2	Oral	0.14854985942978824
115	22	14	0.8394160583941606	0.8914728682170543	0.8646616541353384	16	MetaPhlAn v3.0 stat_q 0.1	Oral	0.1474278293753337
71	18	58	0.797752808988764	0.5503875968992248	0.6513761467889908	16	MetaPhlAn2 v2.7	Oral	0.17178461995583044
89	9	40	0.9081632653061225	0.689922480620155	0.7841409691629956	16	mOTUs251_precision	Oral	0.31346163426480506
117	64	12	0.6464088397790055	0.9069767441860465	0.7548387096774193	16	mOTUs251_recall	Oral	0.1885408375220802
129	162	0	0.44329896907216493	1	0.6142857142857142	16	Bracken_208_25_refseq	Oral	0.21029038900640173
70	8	8	0.8974358974358975	0.8974358974358975	0.8974358974358975	15	MetaPhlAn v3.0 stat_q 0.2	Oral	0.04615558614201423
71	14	7	0.8352941176470589	0.9102564102564102	0.8711656441717791	15	MetaPhlAn v3.0 stat_q 0.1	Oral	0.059481282466344175
44	15	34	0.7457627118644068	0.5641025641025641	0.6423357664233577	15	MetaPhlAn2 v2.7	Oral	0.13269003522414685
60	12	18	0.8333333333333334	0.7692307692307693	0.8	15	mOTUs251_precision	Oral	0.13351111045084188
75	43	3	0.635593220338983	0.9615384615384616	0.7653061224489796	15	mOTUs251_recall	Oral	0.08063189860073497
77	128	1	0.375609756097561	0.9871794871794872	0.5441696113074205	15	Bracken_208_25_refseq	Oral	0.06718329710518231
57	4	7	0.9344262295081968	0.890625	0.9120000000000001	14	MetaPhlAn v3.0 stat_q 0.2	Oral	0.09767043421403739
57	9	7	0.8636363636363636	0.890625	0.8769230769230768	14	MetaPhlAn v3.0 stat_q 0.1	Oral	0.09234011868215769
33	9	31	0.7857142857142857	0.515625	0.6226415094339622	14	MetaPhlAn2 v2.7	Oral	0.13674600543241516
51	15	13	0.7727272727272727	0.796875	0.7846153846153846	14	mOTUs251_precision	Oral	0.1412823219735656
59	35	5	0.6276595744680851	0.921875	0.7468354430379747	14	mOTUs251_recall	Oral	0.08408103202842396
64	113	0	0.3615819209039548	1	0.5311203319502075	14	Bracken_208_25_refseq	Oral	0.05378645972705377
62	9	11	0.8732394366197183	0.8493150684931506	0.861111111111111	13	MetaPhlAn v3.0 stat_q 0.2	Oral	0.049684641153492734
62	18	11	0.775	0.8493150684931506	0.8104575163398693	13	MetaPhlAn v3.0 stat_q 0.1	Oral	0.049904118920113504
38	11	35	0.7755102040816326	0.5205479452054794	0.6229508196721312	13	MetaPhlAn2 v2.7	Oral	0.1625767585797819
55	9	18	0.859375	0.7534246575342466	0.8029197080291972	13	mOTUs251_precision	Oral	0.36576113879836397
67	26	6	0.7204301075268817	0.9178082191780822	0.8072289156626506	13	mOTUs251_recall	Oral	0.19359476962025282
72	108	1	0.4	0.9863013698630136	0.5691699604743083	13	Bracken_208_25_refseq	Oral	0.07380841751363801
28	4	8	0.875	0.7777777777777778	0.823529411764706	9	MetaPhlAn v3.0 stat_q 0.2	Gastrointestinal tract	0.231083554600531
28	7	8	0.8	0.7777777777777778	0.7887323943661971	9	MetaPhlAn v3.0 stat_q 0.1	Gastrointestinal tract	0.22875453332405998
22	8	14	0.7333333333333333	0.6111111111111112	0.6666666666666666	9	MetaPhlAn2 v2.7	Gastrointestinal tract	0.32032915714693067
31	1	5	0.96875	0.8611111111111112	0.911764705882353	9	mOTUs251_precision	Gastrointestinal tract	0.1845117037820079
36	13	0	0.7346938775510204	1	0.8470588235294119	9	mOTUs251_recall	Gastrointestinal tract	0.13655971187957278
36	61	0	0.3711340206185567	1	0.5413533834586466	9	Bracken_208_25_refseq	Gastrointestinal tract	0.11932719311188192
19	2	0	0.9047619047619048	1	0.9500000000000001	5	MetaPhlAn v3.0 stat_q 0.2	Gastrointestinal tract	0.134334907445986
19	3	0	0.8636363636363636	1	0.9268292682926829	5	MetaPhlAn v3.0 stat_q 0.1	Gastrointestinal tract	0.12094745367873849
13	3	6	0.8125	0.6842105263157895	0.742857142857143	5	MetaPhlAn2 v2.7	Gastrointestinal tract	0.3211321979901694
14	1	5	0.9333333333333333	0.7368421052631579	0.8235294117647058	5	mOTUs251_precision	Gastrointestinal tract	0.35713255586973586
19	12	0	0.6129032258064516	1	0.76	5	mOTUs251_recall	Gastrointestinal tract	0.14278968031102926
19	97	0	0.16379310344827586	1	0.2814814814814815	5	Bracken_208_25_refseq	Gastrointestinal tract	0.10152303817225414
41	1	4	0.9761904761904762	0.9111111111111111	0.9425287356321839	4	MetaPhlAn v3.0 stat_q 0.2	Gastrointestinal tract	0.08872774556361275
41	2	4	0.9534883720930233	0.9111111111111111	0.9318181818181819	4	MetaPhlAn v3.0 stat_q 0.1	Gastrointestinal tract	0.09504526425678965
28	7	17	0.8	0.6222222222222222	0.7000000000000001	4	MetaPhlAn2 v2.7	Gastrointestinal tract	0.2641725705721049
39	3	6	0.9285714285714286	0.8666666666666667	0.896551724137931	4	mOTUs251_precision	Gastrointestinal tract	0.12375877087524571
45	16	0	0.7377049180327869	1	0.8490566037735848	4	mOTUs251_recall	Gastrointestinal tract	0.1128340919723656
45	71	0	0.3879310344827586	1	0.5590062111801242	4	Bracken_208_25_refseq	Gastrointestinal tract	0.13082544303227647
38	4	7	0.9047619047619048	0.8444444444444444	0.8735632183908046	3	MetaPhlAn v3.0 stat_q 0.2	Gastrointestinal tract	0.09690615134238977
40	7	5	0.851063829787234	0.8888888888888888	0.8695652173913044	3	MetaPhlAn v3.0 stat_q 0.1	Gastrointestinal tract	0.09696240607518784
32	9	13	0.7804878048780488	0.7111111111111111	0.7441860465116279	3	MetaPhlAn2 v2.7	Gastrointestinal tract	0.29832917227203476
32	8	13	0.8	0.7111111111111111	0.7529411764705882	3	mOTUs251_precision	Gastrointestinal tract	0.5740271625904827
42	32	3	0.5675675675675675	0.9333333333333333	0.7058823529411765	3	mOTUs251_recall	Gastrointestinal tract	0.4075641106390947
45	99	0	0.3125	1	0.47619047619047616	3	Bracken_208_25_refseq	Gastrointestinal tract	0.1450602183007203
20	2	1	0.9090909090909091	0.9523809523809523	0.9302325581395349	2	MetaPhlAn v3.0 stat_q 0.2	Gastrointestinal tract	0.07197453598726801
20	3	1	0.8695652173913043	0.9523809523809523	0.909090909090909	2	MetaPhlAn v3.0 stat_q 0.1	Gastrointestinal tract	0.07728869250878088
17	4	4	0.8095238095238095	0.8095238095238095	0.8095238095238095	2	MetaPhlAn2 v2.7	Gastrointestinal tract	0.1265663512591288
15	4	6	0.7894736842105263	0.7142857142857143	0.7500000000000001	2	mOTUs251_precision	Gastrointestinal tract	0.6331301842206187
20	14	1	0.5882352941176471	0.9523809523809523	0.7272727272727274	2	mOTUs251_recall	Gastrointestinal tract	0.45974230118880716
20	110	1	0.15384615384615385	0.9523809523809523	0.26490066225165565	2	Bracken_208_25_refseq	Gastrointestinal tract	0.12822737144169305
24	3	2	0.8888888888888888	0.9230769230769231	0.9056603773584906	12	MetaPhlAn v3.0 stat_q 0.2	Gastrointestinal tract	0.1808952808952809
24	3	2	0.8888888888888888	0.9230769230769231	0.9056603773584906	12	MetaPhlAn v3.0 stat_q 0.1	Gastrointestinal tract	0.17987647987647987
21	3	5	0.875	0.8076923076923077	0.8400000000000001	12	MetaPhlAn2 v2.7	Gastrointestinal tract	0.24024030713177297
21	2	5	0.9130434782608695	0.8076923076923077	0.8571428571428572	12	mOTUs251_precision	Gastrointestinal tract	0.18738996956827886
26	16	0	0.6190476190476191	1	0.7647058823529412	12	mOTUs251_recall	Gastrointestinal tract	0.13689189026164186
25	131	1	0.16025641025641027	0.9615384615384616	0.27472527472527475	12	Bracken_208_25_refseq	Gastrointestinal tract	0.15140226379449742
47	4	8	0.9215686274509803	0.8545454545454545	0.8867924528301887	11	MetaPhlAn v3.0 stat_q 0.2	Gastrointestinal tract	0.1050901358757608
48	5	7	0.9056603773584906	0.8727272727272727	0.8888888888888888	11	MetaPhlAn v3.0 stat_q 0.1	Gastrointestinal tract	0.10498207436645646
42	10	13	0.8076923076923077	0.7636363636363637	0.7850467289719626	11	MetaPhlAn2 v2.7	Gastrointestinal tract	0.3305145685335538
39	1	16	0.975	0.7090909090909091	0.8210526315789474	11	mOTUs251_precision	Gastrointestinal tract	0.1630372463668755
51	31	4	0.6219512195121951	0.9272727272727272	0.7445255474452553	11	mOTUs251_recall	Gastrointestinal tract	0.10064441359180704
55	64	0	0.46218487394957986	1	0.632183908045977	11	Bracken_208_25_refseq	Gastrointestinal tract	0.09960643173273569
34	1	6	0.9714285714285714	0.85	0.9066666666666667	10	MetaPhlAn v3.0 stat_q 0.2	Gastrointestinal tract	0.2805268250799914
35	5	5	0.875	0.875	0.875	10	MetaPhlAn v3.0 stat_q 0.1	Gastrointestinal tract	0.2786801491623207
30	5	10	0.8571428571428571	0.75	0.7999999999999999	10	MetaPhlAn2 v2.7	Gastrointestinal tract	0.2878750045531348
32	4	8	0.8888888888888888	0.8	0.8421052631578948	10	mOTUs251_precision	Gastrointestinal tract	0.21541329460870987
40	19	0	0.6779661016949152	1	0.8080808080808081	10	mOTUs251_recall	Gastrointestinal tract	0.15661029472905522
40	88	0	0.3125	1	0.47619047619047616	10	Bracken_208_25_refseq	Gastrointestinal tract	0.11549796524307042
37	3	1	0.925	0.9736842105263158	0.9487179487179489	1	MetaPhlAn v3.0 stat_q 0.2	Gastrointestinal tract	0.03917629319437487
38	5	0	0.8837209302325582	1	0.9382716049382717	1	MetaPhlAn v3.0 stat_q 0.1	Gastrointestinal tract	0.03720149233768687
28	5	10	0.8484848484848485	0.7368421052631579	0.7887323943661972	1	MetaPhlAn2 v2.7	Gastrointestinal tract	0.25865485486642453
24	2	14	0.9230769230769231	0.631578947368421	0.7499999999999999	1	mOTUs251_precision	Gastrointestinal tract	0.5480760307310006
38	34	0	0.5277777777777778	1	0.6909090909090909	1	mOTUs251_recall	Gastrointestinal tract	0.32785515626350664
38	132	0	0.2235294117647059	1	0.36538461538461536	1	Bracken_208_25_refseq	Gastrointestinal tract	0.08867680907764293
31	2	4	0.9393939393939394	0.8857142857142857	0.9117647058823529	0	MetaPhlAn v3.0 stat_q 0.2	Gastrointestinal tract	0.057977465213520873
32	4	3	0.8888888888888888	0.9142857142857143	0.9014084507042254	0	MetaPhlAn v3.0 stat_q 0.1	Gastrointestinal tract	0.059265076293969494
23	5	12	0.8214285714285714	0.6571428571428571	0.73015873015873	0	MetaPhlAn2 v2.7	Gastrointestinal tract	0.23324038577872205
27	3	8	0.9	0.7714285714285715	0.8307692307692307	0	mOTUs251_precision	Gastrointestinal tract	0.4503064510367085
34	18	1	0.6538461538461539	0.9714285714285714	0.7816091954022988	0	mOTUs251_recall	Gastrointestinal tract	0.285919725869346
35	108	0	0.24475524475524477	1	0.39325842696629215	0	Bracken_208_25_refseq	Gastrointestinal tract	0.08014354246514624
83	9	10	0.9021739130434783	0.8924731182795699	0.8972972972972973	9	MetaPhlAn v3.0 stat_q 0.2	Airways	0.033408639174634935
83	13	10	0.8645833333333334	0.8924731182795699	0.8783068783068784	9	MetaPhlAn v3.0 stat_q 0.1	Airways	0.03408961774954413
58	22	35	0.725	0.6236559139784946	0.6705202312138728	9	MetaPhlAn2 v2.7	Airways	0.10901859948784526
70	7	23	0.9090909090909091	0.7526881720430108	0.8235294117647058	9	mOTUs251_precision	Airways	0.4514887653996302
90	55	3	0.6206896551724138	0.967741935483871	0.75630252100840345	9	mOTUs251_recall	Airways	0.31213469035204544
91	116	2	0.4396135265700483	0.978494623655914	0.6066666666666667	9	Bracken_208_25_refseq	Airways	0.07209187169573501
53	4	4	0.9298245614035088	0.9298245614035088	0.9298245614035088	8	MetaPhlAn v3.0 stat_q 0.2	Airways	0.07082732515637072
53	5	4	0.9137931034482759	0.9298245614035088	0.9217391304347825	8	MetaPhlAn v3.0 stat_q 0.1	Airways	0.07255201682738449
33	8	24	0.8048780487804879	0.5789473684210527	0.6734693877551021	8	MetaPhlAn2 v2.7	Airways	0.06305492247366941
46	7	11	0.8679245283018868	0.8070175438596491	0.8363636363636363	8	mOTUs251_precision	Airways	0.08136972390915104
56	39	1	0.5894736842105263	0.9824561403508771	0.7368421052631577	8	mOTUs251_recall	Airways	0.06639819823183928
57	103	0	0.35625	1	0.5253456221198157	8	Bracken_208_25_refseq	Airways	0.04722156224755972
64	4	11	0.9411764705882353	0.8533333333333334	0.8951048951048952	7	MetaPhlAn v3.0 stat_q 0.2	Airways	0.04357952182846709
64	7	11	0.9014084507042254	0.8533333333333334	0.87671232876712335	7	MetaPhlAn v3.0 stat_q 0.1	Airways	0.04633470718127837
47	11	28	0.8103448275862069	0.6266666666666667	0.706766917293233	7	MetaPhlAn2 v2.7	Airways	0.07570122041852272
51	2	24	0.9622641509433962	0.68	0.796875	7	mOTUs251_precision	Airways	0.31099008794592287
72	73	3	0.496551724137931	0.96	0.6545454545454545	7	mOTUs251_recall	Airways	0.21814625716751662
75	201	0	0.2717391304347826	1	0.4273504273504273	7	Bracken_208_25_refseq	Airways	0.06662878363453012
93	8	16	0.9207920792079208	0.8532110091743119	0.8857142857142858	4	MetaPhlAn v3.0 stat_q 0.2	Airways	0.07267393628175052
93	14	16	0.8691588785046729	0.8532110091743119	0.861111111111111	4	MetaPhlAn v3.0 stat_q 0.1	Airways	0.07107585356834713
63	13	46	0.8289473684210527	0.5779816513761468	0.6810810810810811	4	MetaPhlAn2 v2.7	Airways	0.11179522406406481
77	6	32	0.927710843373494	0.7064220183486238	0.8020833333333333	4	mOTUs251_precision	Airways	0.3887097061260288
100	70	9	0.5882352941176471	0.9174311926605505	0.7168458781362008	4	mOTUs251_recall	Airways	0.26955056039413544
109	166	0	0.39636363636363636	1	0.5677083333333333	4	Bracken_208_25_refseq	Airways	0.08803255622486246
80	8	10	0.9090909090909091	0.8888888888888888	0.8988764044943819	27	MetaPhlAn v3.0 stat_q 0.2	Airways	0.06800514429920575
82	16	8	0.8367346938775511	0.9111111111111111	0.8723404255319148	27	MetaPhlAn v3.0 stat_q 0.1	Airways	0.07164199732270275
60	17	30	0.7792207792207793	0.6666666666666666	0.7185628742514969	27	MetaPhlAn2 v2.7	Airways	0.12387408593038947
58	8	32	0.8787878787878788	0.6444444444444445	0.7435897435897436	27	mOTUs251_precision	Airways	0.22019461373025506
85	56	5	0.6028368794326241	0.9444444444444444	0.7359307359307359	27	mOTUs251_recall	Airways	0.1418884458056769
87	196	3	0.30742049469964666	0.9666666666666667	0.4664879356568365	27	Bracken_208_25_refseq	Airways	0.10795034498212813
61	4	10	0.9384615384615385	0.8591549295774648	0.8970588235294118	26	MetaPhlAn v3.0 stat_q 0.2	Airways	0.12967499910153152
62	6	9	0.9117647058823529	0.8732394366197183	0.8920863309352517	26	MetaPhlAn v3.0 stat_q 0.1	Airways	0.12430209785412234
42	6	29	0.875	0.5915492957746479	0.7058823529411764	26	MetaPhlAn2 v2.7	Airways	0.09582266403040347
44	8	27	0.8461538461538461	0.6197183098591549	0.7154471544715447	26	mOTUs251_precision	Airways	0.4660723589417617
67	78	4	0.46206896551724136	0.9436619718309859	0.6203703703703703	26	mOTUs251_recall	Airways	0.301149741475139
69	209	2	0.24820143884892087	0.971830985915493	0.39541547277936967	26	Bracken_208_25_refseq	Airways	0.1361496428962696
26	5	6	0.8387096774193549	0.8125	0.8253968253968254	23	MetaPhlAn v3.0 stat_q 0.2	Airways	0.10103696467298652
27	5	5	0.84375	0.84375	0.84375	23	MetaPhlAn v3.0 stat_q 0.1	Airways	0.10558807452501465
23	2	9	0.92	0.71875	0.8070175438596492	23	MetaPhlAn2 v2.7	Airways	0.03495931318267217
16	0	16	1	0.5	0.6666666666666666	23	mOTUs251_precision	Airways	0.4077557038778518
32	56	0	0.36363636363636365	1	0.5333333333333333	23	mOTUs251_recall	Airways	0.2735979192025266
31	209	1	0.12916666666666668	0.96875	0.22794117647058829	23	Bracken_208_25_refseq	Airways	0.16717079531943177
42	3	3	0.9333333333333333	0.9333333333333333	0.9333333333333333	12	MetaPhlAn v3.0 stat_q 0.2	Airways	0.014975572165555097
42	9	3	0.8235294117647058	0.9333333333333333	0.8749999999999999	12	MetaPhlAn v3.0 stat_q 0.1	Airways	0.015117178361127293
33	2	12	0.9428571428571428	0.7333333333333333	0.8250000000000001	12	MetaPhlAn2 v2.7	Airways	0.038552216995592456
32	2	13	0.9411764705882353	0.7111111111111111	0.8101265822784811	12	mOTUs251_precision	Airways	0.687557750231001
43	17	2	0.7166666666666667	0.9555555555555556	0.8190476190476191	12	mOTUs251_recall	Airways	0.46372176226205897
45	105	0	0.3	1	0.4615384615384615	12	Bracken_208_25_refseq	Airways	0.07894339350859413
30	4	4	0.8823529411764706	0.8823529411764706	0.8823529411764706	11	MetaPhlAn v3.0 stat_q 0.2	Airways	0.05525059987880469
30	5	4	0.8571428571428571	0.8823529411764706	0.8695652173913043	11	MetaPhlAn v3.0 stat_q 0.1	Airways	0.07537358932267789
21	5	13	0.8076923076923077	0.6176470588235294	0.7	11	MetaPhlAn2 v2.7	Airways	0.32569575092994973
21	5	13	0.8076923076923077	0.6176470588235294	0.7	11	mOTUs251_precision	Airways	0.4313598627197255
34	43	0	0.44155844155844154	1	0.6126126126126126	11	mOTUs251_recall	Airways	0.23008898537411954
33	141	1	0.1896551724137931	0.9705882352941176	0.3173076923076923	11	Bracken_208_25_refseq	Airways	0.09381571391699466
63	5	6	0.9264705882352942	0.9130434782608695	0.9197080291970804	10	MetaPhlAn v3.0 stat_q 0.2	Airways	0.0990634855209302
63	7	6	0.9	0.9130434782608695	0.9064748201438848	10	MetaPhlAn v3.0 stat_q 0.1	Airways	0.10118339604261221
44	6	25	0.88	0.6376811594202898	0.7394957983193275	10	MetaPhlAn2 v2.7	Airways	0.09656974088810065
48	6	21	0.8888888888888888	0.6956521739130435	0.7804878048780488	10	mOTUs251_precision	Airways	0.44214947837228813
67	71	2	0.4855072463768116	0.9710144927536232	0.6473429951690821	10	mOTUs251_recall	Airways	0.28359495814438845
68	203	1	0.25092250922509224	0.9855072463768116	0.39999999999999997	10	Bracken_208_25_refseq	Airways	0.13608170995427377
